"year","industry","growth_rate"
2010,"Automotive",NULL
2010,"Automotive",0
2010,"Automotive",800
2010,"Automotive",0
2010,"Automotive",0
2010,"Automotive",600
2010,"Automotive",0
2010,"Automotive",0
2010,"Automotive",0
2010,"Automotive",0
2010,"Automotive",0
2010,"Automotive",600
2010,"Automotive",0
2010,"Automotive",0
2010,"Automotive",0
2010,"Automotive",0
2010,"Automotive",600
2010,"Automotive",0
2010,"Automotive",0
2010,"Automotive",700
2010,"Automotive",0
2010,"Automotive",0
2010,"Automotive",0
2010,"Automotive",0
2010,"Automotive",0
2010,"Automotive",0
2010,"Automotive",0
2010,"Automotive",0
2010,"Automotive",0
2010,"Automotive",0
2010,"Automotive",0
2010,"Automotive",0
2010,"Automotive",600
2010,"Automotive",0
2010,"Automotive",0
2010,"Automotive",0
2010,"Automotive",0
2010,"Automotive",0
2010,"Automotive",600
2010,"Automotive",0
2010,"Automotive",0
2010,"Automotive",0
2010,"Automotive",0
2010,"Automotive",600
2010,"Automotive",0
2010,"Automotive",0
2010,"Automotive",0
2010,"Automotive",0
2010,"Automotive",0
2010,"Automotive",500
2010,"Automotive",0
2010,"Automotive",0
2010,"Automotive",0
2010,"Automotive",0
2010,"Automotive",400
2010,"Automotive",0
2010,"Automotive",0
2010,"Automotive",0
2010,"Automotive",0
2010,"Automotive",0
2010,"Automotive",0
2010,"Automotive",0
2010,"Automotive",700
2010,"Automotive",0
2010,"Automotive",0
2010,"Automotive",0
2010,"Automotive",0
2010,"Automotive",0
2010,"Automotive",600
2010,"Automotive",0
2010,"Automotive",0
2010,"Automotive",0
2011,"Automotive",0
2011,"Automotive",0
2011,"Automotive",0
2011,"Automotive",0
2011,"Automotive",0
2011,"Automotive",0
2011,"Automotive",900
2011,"Automotive",0
2011,"Automotive",0
2011,"Automotive",0
2011,"Automotive",0
2011,"Automotive",0
2011,"Automotive",0
2011,"Automotive",0
2011,"Automotive",700
2011,"Automotive",0
2011,"Automotive",0
2011,"Automotive",0
2011,"Automotive",0
2011,"Automotive",0
2011,"Automotive",0
2011,"Automotive",0
2011,"Automotive",700
2011,"Automotive",0
2011,"Automotive",0
2011,"Automotive",0
2011,"Automotive",0
2011,"Automotive",0
2011,"Automotive",0
2011,"Automotive",0
2011,"Automotive",0
2011,"Automotive",0
2011,"Automotive",800
2011,"Automotive",0
2011,"Automotive",0
2011,"Automotive",0
2011,"Automotive",0
2011,"Automotive",0
2011,"Automotive",0
2011,"Automotive",600
2011,"Automotive",0
2011,"Automotive",0
2011,"Automotive",0
2011,"Automotive",0
2011,"Automotive",0
2011,"Automotive",900
2011,"Automotive",0
2011,"Automotive",0
2011,"Automotive",0
2011,"Automotive",0
2011,"Automotive",0
2011,"Automotive",1000
2011,"Automotive",0
2011,"Automotive",0
2011,"Automotive",0
2011,"Automotive",0
2011,"Automotive",0
2011,"Automotive",0
2011,"Automotive",0
2011,"Automotive",900
2011,"Automotive",0
2011,"Automotive",0
2011,"Automotive",0
2011,"Automotive",800
2011,"Automotive",0
2011,"Automotive",0
2011,"Automotive",0
2011,"Automotive",0
2011,"Automotive",0
2011,"Automotive",0
2011,"Automotive",0
2011,"Automotive",0
2012,"Automotive",0
2012,"Automotive",700
2012,"Automotive",0
2012,"Automotive",0
2012,"Automotive",0
2012,"Automotive",0
2012,"Automotive",900
2012,"Automotive",0
2012,"Automotive",0
2012,"Automotive",0
2012,"Automotive",0
2012,"Automotive",0
2012,"Automotive",800
2012,"Automotive",0
2012,"Automotive",0
2012,"Automotive",0
2012,"Automotive",0
2012,"Automotive",0
2012,"Automotive",900
2012,"Automotive",0
2012,"Automotive",0
2012,"Automotive",0
2012,"Automotive",0
2012,"Automotive",0
2012,"Automotive",0
2012,"Automotive",0
2012,"Automotive",900
2012,"Automotive",0
2012,"Automotive",0
2012,"Automotive",0
2012,"Automotive",0
2012,"Automotive",0
2012,"Automotive",0
2012,"Automotive",0
2012,"Automotive",0
2012,"Automotive",0
2012,"Automotive",1100
2012,"Automotive",0
2012,"Automotive",0
2012,"Automotive",0
2012,"Automotive",1000
2012,"Automotive",0
2012,"Automotive",0
2012,"Automotive",0
2012,"Automotive",0
2012,"Automotive",0
2012,"Automotive",0
2012,"Automotive",0
2012,"Automotive",0
2012,"Automotive",0
2012,"Automotive",0
2012,"Automotive",0
2012,"Automotive",900
2012,"Automotive",0
2012,"Automotive",0
2012,"Automotive",0
2012,"Automotive",0
2012,"Automotive",0
2012,"Automotive",800
2012,"Automotive",0
2012,"Automotive",0
2012,"Automotive",0
2012,"Automotive",0
2012,"Automotive",0
2012,"Automotive",0
2012,"Automotive",0
2012,"Automotive",1000
2012,"Automotive",0
2012,"Automotive",0
2012,"Automotive",0
2012,"Automotive",0
2012,"Automotive",800
2013,"Automotive",0
2013,"Automotive",0
2013,"Automotive",0
2013,"Automotive",0
2013,"Automotive",800
2013,"Automotive",0
2013,"Automotive",0
2013,"Automotive",0
2013,"Automotive",0
2013,"Automotive",0
2013,"Automotive",700
2013,"Automotive",0
2013,"Automotive",0
2013,"Automotive",0
2013,"Automotive",0
2013,"Automotive",0
2013,"Automotive",0
2013,"Automotive",0
2013,"Automotive",800
2013,"Automotive",0
2013,"Automotive",0
2013,"Automotive",0
2013,"Automotive",0
2013,"Automotive",0
2013,"Automotive",800
2013,"Automotive",0
2013,"Automotive",0
2013,"Automotive",0
2013,"Automotive",0
2013,"Automotive",0
2013,"Automotive",1000
2013,"Automotive",0
2013,"Automotive",0
2013,"Automotive",0
2013,"Automotive",0
2013,"Automotive",0
2013,"Automotive",1100
2013,"Automotive",0
2013,"Automotive",0
2013,"Automotive",0
2013,"Automotive",0
2013,"Automotive",0
2013,"Automotive",1000
2013,"Automotive",0
2013,"Automotive",0
2013,"Automotive",0
2013,"Automotive",0
2013,"Automotive",0
2013,"Automotive",1100
2013,"Automotive",0
2013,"Automotive",0
2013,"Automotive",0
2013,"Automotive",0
2013,"Automotive",0
2013,"Automotive",1000
2013,"Automotive",0
2013,"Automotive",0
2013,"Automotive",0
2013,"Automotive",0
2013,"Automotive",0
2013,"Automotive",1100
2013,"Automotive",0
2013,"Automotive",0
2013,"Automotive",0
2013,"Automotive",0
2013,"Automotive",0
2013,"Automotive",1000
2013,"Automotive",0
2013,"Automotive",0
2013,"Automotive",0
2013,"Automotive",1000
2013,"Automotive",0
2014,"Automotive",0
2014,"Automotive",0
2014,"Automotive",0
2014,"Automotive",0
2014,"Automotive",0
2014,"Automotive",900
2014,"Automotive",0
2014,"Automotive",0
2014,"Automotive",1100
2014,"Automotive",0
2014,"Automotive",0
2014,"Automotive",0
2014,"Automotive",0
2014,"Automotive",0
2014,"Automotive",0
2014,"Automotive",0
2014,"Automotive",0
2014,"Automotive",500
2014,"Automotive",0
2014,"Automotive",0
2014,"Automotive",0
2014,"Automotive",0
2014,"Automotive",800
2014,"Automotive",0
2014,"Automotive",0
2014,"Automotive",0
2014,"Automotive",0
2014,"Automotive",700
2014,"Automotive",0
2014,"Automotive",1000
2014,"Automotive",0
2014,"Automotive",0
2014,"Automotive",0
2014,"Automotive",0
2014,"Automotive",0
2014,"Automotive",1000
2014,"Automotive",0
2014,"Automotive",0
2014,"Automotive",0
2014,"Automotive",0
2014,"Automotive",0
2014,"Automotive",800
2014,"Automotive",0
2014,"Automotive",0
2014,"Automotive",0
2014,"Automotive",0
2014,"Automotive",0
2014,"Automotive",900
2014,"Automotive",0
2014,"Automotive",0
2014,"Automotive",0
2014,"Automotive",0
2014,"Automotive",0
2014,"Automotive",0
2014,"Automotive",0
2014,"Automotive",700
2014,"Automotive",0
2014,"Automotive",0
2014,"Automotive",0
2014,"Automotive",1100
2014,"Automotive",0
2014,"Automotive",0
2014,"Automotive",0
2014,"Automotive",1000
2014,"Automotive",0
2014,"Automotive",0
2014,"Automotive",900
2014,"Automotive",0
2014,"Automotive",0
2014,"Automotive",0
2014,"Automotive",800
2014,"Automotive",0
2015,"Automotive",0
2015,"Automotive",0
2015,"Automotive",0
2015,"Automotive",0
2015,"Automotive",0
2015,"Automotive",800
2015,"Automotive",0
2015,"Automotive",0
2015,"Automotive",0
2015,"Automotive",0
2015,"Automotive",0
2015,"Automotive",700
2015,"Automotive",0
2015,"Automotive",0
2015,"Automotive",0
2015,"Automotive",0
2015,"Automotive",600
2015,"Automotive",0
2015,"Automotive",0
2015,"Automotive",1100
2015,"Automotive",0
2015,"Automotive",0
2015,"Automotive",0
2015,"Automotive",1000
2015,"Automotive",0
2015,"Automotive",0
2015,"Automotive",0
2015,"Automotive",700
2015,"Automotive",0
2015,"Automotive",0
2015,"Automotive",0
2015,"Automotive",0
2015,"Automotive",0
2015,"Automotive",1300
2015,"Automotive",0
2015,"Automotive",0
2015,"Automotive",1000
2015,"Automotive",0
2015,"Automotive",0
2015,"Automotive",700
2015,"Automotive",0
2015,"Automotive",700
2015,"Automotive",0
2015,"Automotive",0
2015,"Automotive",0
2015,"Automotive",0
2015,"Automotive",0
2015,"Automotive",0
2015,"Automotive",1000
2015,"Automotive",0
2015,"Automotive",0
2015,"Automotive",600
2015,"Automotive",0
2015,"Automotive",0
2015,"Automotive",0
2015,"Automotive",0
2015,"Automotive",1100
2015,"Automotive",0
2015,"Automotive",600
2015,"Automotive",0
2015,"Automotive",700
2015,"Automotive",0
2015,"Automotive",0
2015,"Automotive",700
2015,"Automotive",0
2015,"Automotive",0
2015,"Automotive",0
2015,"Automotive",0
2015,"Automotive",0
2015,"Automotive",0
2015,"Automotive",900
2015,"Automotive",0
2016,"Automotive",0
2016,"Automotive",0
2016,"Automotive",0
2016,"Automotive",0
2016,"Automotive",800
2016,"Automotive",0
2016,"Automotive",0
2016,"Automotive",1100
2016,"Automotive",0
2016,"Automotive",0
2016,"Automotive",700
2016,"Automotive",0
2016,"Automotive",0
2016,"Automotive",0
2016,"Automotive",0
2016,"Automotive",0
2016,"Automotive",0
2016,"Automotive",0
2016,"Automotive",1000
2016,"Automotive",0
2016,"Automotive",0
2016,"Automotive",0
2016,"Automotive",1000
2016,"Automotive",0
2016,"Automotive",0
2016,"Automotive",0
2016,"Automotive",0
2016,"Automotive",0
2016,"Automotive",1200
2016,"Automotive",0
2016,"Automotive",0
2016,"Automotive",0
2016,"Automotive",1000
2016,"Automotive",0
2016,"Automotive",1100
2016,"Automotive",0
2016,"Automotive",0
2016,"Automotive",0
2016,"Automotive",0
2016,"Automotive",0
2016,"Automotive",700
2016,"Automotive",0
2016,"Automotive",0
2016,"Automotive",0
2016,"Automotive",0
2016,"Automotive",0
2016,"Automotive",700
2016,"Automotive",0
2016,"Automotive",0
2016,"Automotive",0
2016,"Automotive",0
2016,"Automotive",0
2016,"Automotive",1100
2016,"Automotive",0
2016,"Automotive",0
2016,"Automotive",0
2016,"Automotive",600
2016,"Automotive",0
2016,"Automotive",0
2016,"Automotive",0
2016,"Automotive",1200
2016,"Automotive",0
2016,"Automotive",0
2016,"Automotive",500
2016,"Automotive",0
2016,"Automotive",0
2016,"Automotive",0
2016,"Automotive",700
2016,"Automotive",0
2016,"Automotive",0
2016,"Automotive",0
2016,"Automotive",0
2017,"Automotive",0
2017,"Automotive",0
2017,"Automotive",0
2017,"Automotive",0
2017,"Automotive",0
2017,"Automotive",0
2017,"Automotive",0
2017,"Automotive",1000
2017,"Automotive",0
2017,"Automotive",0
2017,"Automotive",0
2017,"Automotive",1000
2017,"Automotive",0
2017,"Automotive",0
2017,"Automotive",600
2017,"Automotive",0
2017,"Automotive",0
2017,"Automotive",0
2017,"Automotive",0
2017,"Automotive",0
2017,"Automotive",0
2017,"Automotive",0
2017,"Automotive",0
2017,"Automotive",0
2017,"Automotive",0
2017,"Automotive",1300
2017,"Automotive",0
2017,"Automotive",0
2017,"Automotive",0
2017,"Automotive",0
2017,"Automotive",1100
2017,"Automotive",0
2017,"Automotive",0
2017,"Automotive",0
2017,"Automotive",700
2017,"Automotive",0
2017,"Automotive",500
2017,"Automotive",0
2017,"Automotive",0
2017,"Automotive",0
2017,"Automotive",0
2017,"Automotive",0
2017,"Automotive",0
2017,"Automotive",0
2017,"Automotive",0
2017,"Automotive",0
2017,"Automotive",600
2017,"Automotive",0
2017,"Automotive",0
2017,"Automotive",0
2017,"Automotive",1200
2017,"Automotive",0
2017,"Automotive",900
2017,"Automotive",0
2017,"Automotive",0
2017,"Automotive",0
2017,"Automotive",0
2017,"Automotive",0
2017,"Automotive",1200
2017,"Automotive",0
2017,"Automotive",0
2017,"Automotive",0
2017,"Automotive",0
2017,"Automotive",0
2017,"Automotive",0
2017,"Automotive",0
2017,"Automotive",1100
2017,"Automotive",0
2017,"Automotive",700
2017,"Automotive",0
2017,"Automotive",0
2017,"Automotive",0
2018,"Automotive",800
2018,"Automotive",0
2018,"Automotive",0
2018,"Automotive",0
2018,"Automotive",0
2018,"Automotive",0
2018,"Automotive",0
2018,"Automotive",1100
2018,"Automotive",0
2018,"Automotive",0
2018,"Automotive",0
2018,"Automotive",0
2018,"Automotive",0
2018,"Automotive",1400
2018,"Automotive",0
2018,"Automotive",0
2018,"Automotive",0
2018,"Automotive",0
2018,"Automotive",0
2018,"Automotive",1000
2018,"Automotive",0
2018,"Automotive",0
2018,"Automotive",0
2018,"Automotive",0
2018,"Automotive",0
2018,"Automotive",1300
2018,"Automotive",0
2018,"Automotive",0
2018,"Automotive",0
2018,"Automotive",0
2018,"Automotive",0
2018,"Automotive",1100
2018,"Automotive",0
2018,"Automotive",0
2018,"Automotive",0
2018,"Automotive",0
2018,"Automotive",0
2018,"Automotive",1100
2018,"Automotive",0
2018,"Automotive",0
2018,"Automotive",0
2018,"Automotive",0
2018,"Automotive",0
2018,"Automotive",1200
2018,"Automotive",0
2018,"Automotive",0
2018,"Automotive",0
2018,"Automotive",0
2018,"Automotive",0
2018,"Automotive",1000
2018,"Automotive",0
2018,"Automotive",0
2018,"Automotive",0
2018,"Automotive",0
2018,"Automotive",0
2018,"Automotive",1100
2018,"Automotive",0
2018,"Automotive",0
2018,"Automotive",0
2018,"Automotive",0
2018,"Automotive",0
2018,"Automotive",900
2018,"Automotive",0
2018,"Automotive",0
2018,"Automotive",0
2018,"Automotive",0
2018,"Automotive",1100
2018,"Automotive",0
2018,"Automotive",0
2018,"Automotive",0
2018,"Automotive",0
2018,"Automotive",0
2019,"Automotive",1300
2019,"Automotive",0
2019,"Automotive",0
2019,"Automotive",0
2019,"Automotive",1000
2019,"Automotive",0
2019,"Automotive",0
2019,"Automotive",0
2019,"Automotive",0
2019,"Automotive",0
2019,"Automotive",800
2019,"Automotive",0
2019,"Automotive",0
2019,"Automotive",0
2019,"Automotive",1100
2019,"Automotive",0
2019,"Automotive",0
2019,"Automotive",0
2019,"Automotive",0
2019,"Automotive",0
2019,"Automotive",1400
2019,"Automotive",0
2019,"Automotive",700
2019,"Automotive",0
2019,"Automotive",0
2019,"Automotive",0
2019,"Automotive",0
2019,"Automotive",0
2019,"Automotive",600
2019,"Automotive",0
2019,"Automotive",0
2019,"Automotive",0
2019,"Automotive",0
2019,"Automotive",0
2019,"Automotive",0
2019,"Automotive",700
2019,"Automotive",0
2019,"Automotive",0
2019,"Automotive",600
2019,"Automotive",0
2019,"Automotive",0
2019,"Automotive",0
2019,"Automotive",0
2019,"Automotive",0
2019,"Automotive",700
2019,"Automotive",0
2019,"Automotive",0
2019,"Automotive",0
2019,"Automotive",0
2019,"Automotive",1100
2019,"Automotive",0
2019,"Automotive",0
2019,"Automotive",0
2019,"Automotive",0
2019,"Automotive",0
2019,"Automotive",0
2019,"Automotive",600
2019,"Automotive",0
2019,"Automotive",0
2019,"Automotive",0
2019,"Automotive",0
2019,"Automotive",0
2019,"Automotive",600
2019,"Automotive",0
2019,"Automotive",0
2019,"Automotive",0
2019,"Automotive",0
2019,"Automotive",1200
2019,"Automotive",0
2019,"Automotive",0
2019,"Automotive",600
2019,"Automotive",0
2020,"Automotive",0
2020,"Automotive",0
2020,"Automotive",0
2020,"Automotive",900
2020,"Automotive",0
2020,"Automotive",0
2020,"Automotive",0
2020,"Automotive",0
2020,"Automotive",0
2020,"Automotive",700
2020,"Automotive",0
2020,"Automotive",0
2020,"Automotive",0
2020,"Automotive",0
2020,"Automotive",0
2020,"Automotive",700
2020,"Automotive",0
2020,"Automotive",0
2020,"Automotive",0
2020,"Automotive",0
2020,"Automotive",0
2020,"Automotive",700
2020,"Automotive",0
2020,"Automotive",0
2020,"Automotive",0
2020,"Automotive",0
2020,"Automotive",0
2020,"Automotive",600
2020,"Automotive",0
2020,"Automotive",0
2020,"Automotive",0
2020,"Automotive",0
2020,"Automotive",0
2020,"Automotive",600
2020,"Automotive",0
2020,"Automotive",0
2020,"Automotive",0
2020,"Automotive",0
2020,"Automotive",0
2020,"Automotive",600
2020,"Automotive",0
2020,"Automotive",0
2020,"Automotive",0
2020,"Automotive",0
2020,"Automotive",0
2020,"Automotive",600
2020,"Automotive",0
2020,"Automotive",0
2020,"Automotive",0
2020,"Automotive",0
2020,"Automotive",0
2020,"Automotive",600
2020,"Automotive",0
2020,"Automotive",0
2020,"Automotive",0
2020,"Automotive",0
2020,"Automotive",0
2020,"Automotive",500
2020,"Automotive",0
2020,"Automotive",0
2020,"Automotive",0
2020,"Automotive",0
2020,"Automotive",0
2020,"Automotive",700
2020,"Automotive",0
2020,"Automotive",0
2020,"Automotive",0
2020,"Automotive",0
2020,"Automotive",600
2020,"Automotive",0
2020,"Automotive",0
2020,"Automotive",0
2021,"Automotive",0
2021,"Automotive",0
2021,"Automotive",600
2021,"Automotive",0
2021,"Automotive",0
2021,"Automotive",0
2021,"Automotive",0
2021,"Automotive",0
2021,"Automotive",0
2021,"Automotive",600
2021,"Automotive",0
2021,"Automotive",0
2021,"Automotive",0
2021,"Automotive",0
2021,"Automotive",0
2021,"Automotive",0
2021,"Automotive",0
2021,"Automotive",0
2021,"Automotive",0
2021,"Automotive",0
2021,"Automotive",0
2021,"Automotive",0
2021,"Automotive",0
2021,"Automotive",0
2021,"Automotive",0
2021,"Automotive",500
2021,"Automotive",0
2021,"Automotive",0
2021,"Automotive",0
2021,"Automotive",0
2021,"Automotive",0
2021,"Automotive",0
2021,"Automotive",600
2021,"Automotive",0
2021,"Automotive",0
2021,"Automotive",0
2021,"Automotive",0
2021,"Automotive",0
2021,"Automotive",0
2021,"Automotive",0
2021,"Automotive",0
2021,"Automotive",1200
2021,"Automotive",0
2021,"Automotive",0
2021,"Automotive",900
2021,"Automotive",0
2021,"Automotive",0
2021,"Automotive",600
2021,"Automotive",0
2021,"Automotive",0
2021,"Automotive",0
2021,"Automotive",0
2021,"Automotive",0
2021,"Automotive",0
2021,"Automotive",0
2021,"Automotive",0
2021,"Automotive",1100
2021,"Automotive",0
2021,"Automotive",0
2021,"Automotive",0
2021,"Automotive",0
2021,"Automotive",800
2021,"Automotive",0
2021,"Automotive",0
2021,"Automotive",0
2021,"Automotive",0
2021,"Automotive",0
2021,"Automotive",700
2021,"Automotive",0
2021,"Automotive",0
2021,"Automotive",0
2021,"Automotive",0
2022,"Automotive",0
2022,"Automotive",1000
2022,"Automotive",0
2022,"Automotive",0
2022,"Automotive",0
2022,"Automotive",0
2022,"Automotive",900
2022,"Automotive",0
2022,"Automotive",0
2022,"Automotive",0
2022,"Automotive",0
2022,"Automotive",0
2022,"Automotive",0
2022,"Automotive",0
2022,"Automotive",0
2022,"Automotive",1000
2022,"Automotive",0
2022,"Automotive",0
2022,"Automotive",0
2022,"Automotive",0
2022,"Automotive",0
2022,"Automotive",0
2022,"Automotive",0
2022,"Automotive",0
2022,"Automotive",1100
2022,"Automotive",0
2022,"Automotive",0
2022,"Automotive",0
2022,"Automotive",0
2022,"Automotive",0
2022,"Automotive",1100
2022,"Automotive",0
2022,"Automotive",0
2022,"Automotive",0
2022,"Automotive",0
2022,"Automotive",0
2022,"Automotive",1000
2022,"Automotive",0
2022,"Automotive",0
2022,"Automotive",0
2022,"Automotive",0
2022,"Automotive",0
2022,"Automotive",1100
2022,"Automotive",0
2022,"Automotive",0
2022,"Automotive",0
2022,"Automotive",0
2022,"Automotive",0
2022,"Automotive",1000
2022,"Automotive",0
2022,"Automotive",0
2022,"Automotive",0
2022,"Automotive",0
2022,"Automotive",0
2022,"Automotive",1000
2022,"Automotive",0
2022,"Automotive",0
2022,"Automotive",0
2022,"Automotive",0
2022,"Automotive",0
2022,"Automotive",900
2022,"Automotive",0
2022,"Automotive",0
2022,"Automotive",0
2022,"Automotive",0
2022,"Automotive",900
2022,"Automotive",0
2022,"Automotive",0
2022,"Automotive",0
2022,"Automotive",0
2022,"Automotive",0
2022,"Automotive",1000
2010,"Fashion & Accessories",NULL
2010,"Fashion & Accessories",0
2010,"Fashion & Accessories",0
2010,"Fashion & Accessories",0
2010,"Fashion & Accessories",700
2010,"Fashion & Accessories",0
2010,"Fashion & Accessories",0
2010,"Fashion & Accessories",1900
2010,"Fashion & Accessories",0
2010,"Fashion & Accessories",0
2010,"Fashion & Accessories",0
2010,"Fashion & Accessories",0
2010,"Fashion & Accessories",700
2010,"Fashion & Accessories",0
2010,"Fashion & Accessories",0
2010,"Fashion & Accessories",2100
2010,"Fashion & Accessories",0
2010,"Fashion & Accessories",0
2010,"Fashion & Accessories",0
2010,"Fashion & Accessories",0
2010,"Fashion & Accessories",600
2010,"Fashion & Accessories",0
2010,"Fashion & Accessories",0
2010,"Fashion & Accessories",1900
2010,"Fashion & Accessories",0
2010,"Fashion & Accessories",0
2010,"Fashion & Accessories",0
2010,"Fashion & Accessories",0
2010,"Fashion & Accessories",600
2010,"Fashion & Accessories",0
2010,"Fashion & Accessories",0
2010,"Fashion & Accessories",2000
2010,"Fashion & Accessories",0
2010,"Fashion & Accessories",0
2010,"Fashion & Accessories",0
2010,"Fashion & Accessories",0
2010,"Fashion & Accessories",700
2010,"Fashion & Accessories",0
2010,"Fashion & Accessories",0
2010,"Fashion & Accessories",2400
2010,"Fashion & Accessories",0
2010,"Fashion & Accessories",0
2010,"Fashion & Accessories",0
2010,"Fashion & Accessories",0
2010,"Fashion & Accessories",600
2010,"Fashion & Accessories",0
2010,"Fashion & Accessories",0
2010,"Fashion & Accessories",2200
2010,"Fashion & Accessories",0
2010,"Fashion & Accessories",0
2010,"Fashion & Accessories",0
2010,"Fashion & Accessories",0
2010,"Fashion & Accessories",500
2010,"Fashion & Accessories",0
2010,"Fashion & Accessories",0
2010,"Fashion & Accessories",1900
2010,"Fashion & Accessories",0
2010,"Fashion & Accessories",0
2010,"Fashion & Accessories",0
2010,"Fashion & Accessories",0
2010,"Fashion & Accessories",500
2010,"Fashion & Accessories",0
2010,"Fashion & Accessories",0
2010,"Fashion & Accessories",1900
2010,"Fashion & Accessories",0
2010,"Fashion & Accessories",0
2010,"Fashion & Accessories",0
2010,"Fashion & Accessories",0
2010,"Fashion & Accessories",600
2010,"Fashion & Accessories",0
2010,"Fashion & Accessories",0
2010,"Fashion & Accessories",1900
2010,"Fashion & Accessories",0
2010,"Fashion & Accessories",0
2010,"Fashion & Accessories",0
2010,"Fashion & Accessories",0
2010,"Fashion & Accessories",600
2010,"Fashion & Accessories",0
2010,"Fashion & Accessories",0
2010,"Fashion & Accessories",2200
2010,"Fashion & Accessories",0
2010,"Fashion & Accessories",0
2010,"Fashion & Accessories",0
2010,"Fashion & Accessories",0
2010,"Fashion & Accessories",500
2010,"Fashion & Accessories",0
2010,"Fashion & Accessories",0
2010,"Fashion & Accessories",2100
2010,"Fashion & Accessories",0
2010,"Fashion & Accessories",0
2010,"Fashion & Accessories",0
2010,"Fashion & Accessories",400
2010,"Fashion & Accessories",0
2010,"Fashion & Accessories",0
2010,"Fashion & Accessories",1900
2010,"Fashion & Accessories",0
2011,"Fashion & Accessories",0
2011,"Fashion & Accessories",0
2011,"Fashion & Accessories",0
2011,"Fashion & Accessories",600
2011,"Fashion & Accessories",0
2011,"Fashion & Accessories",0
2011,"Fashion & Accessories",1900
2011,"Fashion & Accessories",0
2011,"Fashion & Accessories",0
2011,"Fashion & Accessories",0
2011,"Fashion & Accessories",0
2011,"Fashion & Accessories",600
2011,"Fashion & Accessories",0
2011,"Fashion & Accessories",0
2011,"Fashion & Accessories",2100
2011,"Fashion & Accessories",0
2011,"Fashion & Accessories",0
2011,"Fashion & Accessories",0
2011,"Fashion & Accessories",0
2011,"Fashion & Accessories",600
2011,"Fashion & Accessories",0
2011,"Fashion & Accessories",0
2011,"Fashion & Accessories",1900
2011,"Fashion & Accessories",0
2011,"Fashion & Accessories",0
2011,"Fashion & Accessories",0
2011,"Fashion & Accessories",0
2011,"Fashion & Accessories",600
2011,"Fashion & Accessories",0
2011,"Fashion & Accessories",0
2011,"Fashion & Accessories",1900
2011,"Fashion & Accessories",0
2011,"Fashion & Accessories",0
2011,"Fashion & Accessories",0
2011,"Fashion & Accessories",0
2011,"Fashion & Accessories",600
2011,"Fashion & Accessories",0
2011,"Fashion & Accessories",0
2011,"Fashion & Accessories",2400
2011,"Fashion & Accessories",0
2011,"Fashion & Accessories",0
2011,"Fashion & Accessories",0
2011,"Fashion & Accessories",0
2011,"Fashion & Accessories",600
2011,"Fashion & Accessories",0
2011,"Fashion & Accessories",0
2011,"Fashion & Accessories",2100
2011,"Fashion & Accessories",0
2011,"Fashion & Accessories",0
2011,"Fashion & Accessories",0
2011,"Fashion & Accessories",0
2011,"Fashion & Accessories",500
2011,"Fashion & Accessories",0
2011,"Fashion & Accessories",0
2011,"Fashion & Accessories",1900
2011,"Fashion & Accessories",0
2011,"Fashion & Accessories",0
2011,"Fashion & Accessories",0
2011,"Fashion & Accessories",0
2011,"Fashion & Accessories",500
2011,"Fashion & Accessories",0
2011,"Fashion & Accessories",0
2011,"Fashion & Accessories",1900
2011,"Fashion & Accessories",0
2011,"Fashion & Accessories",0
2011,"Fashion & Accessories",0
2011,"Fashion & Accessories",0
2011,"Fashion & Accessories",600
2011,"Fashion & Accessories",0
2011,"Fashion & Accessories",0
2011,"Fashion & Accessories",1900
2011,"Fashion & Accessories",0
2011,"Fashion & Accessories",0
2011,"Fashion & Accessories",0
2011,"Fashion & Accessories",0
2011,"Fashion & Accessories",500
2011,"Fashion & Accessories",0
2011,"Fashion & Accessories",0
2011,"Fashion & Accessories",2100
2011,"Fashion & Accessories",0
2011,"Fashion & Accessories",0
2011,"Fashion & Accessories",0
2011,"Fashion & Accessories",0
2011,"Fashion & Accessories",500
2011,"Fashion & Accessories",100
2011,"Fashion & Accessories",0
2011,"Fashion & Accessories",0
2011,"Fashion & Accessories",2100
2011,"Fashion & Accessories",0
2011,"Fashion & Accessories",0
2011,"Fashion & Accessories",0
2011,"Fashion & Accessories",0
2011,"Fashion & Accessories",400
2011,"Fashion & Accessories",0
2011,"Fashion & Accessories",0
2011,"Fashion & Accessories",1900
2012,"Fashion & Accessories",0
2012,"Fashion & Accessories",0
2012,"Fashion & Accessories",0
2012,"Fashion & Accessories",0
2012,"Fashion & Accessories",300
2012,"Fashion & Accessories",100
2012,"Fashion & Accessories",0
2012,"Fashion & Accessories",0
2012,"Fashion & Accessories",0
2012,"Fashion & Accessories",900
2012,"Fashion & Accessories",0
2012,"Fashion & Accessories",0
2012,"Fashion & Accessories",400
2012,"Fashion & Accessories",100
2012,"Fashion & Accessories",0
2012,"Fashion & Accessories",100
2012,"Fashion & Accessories",0
2012,"Fashion & Accessories",600
2012,"Fashion & Accessories",0
2012,"Fashion & Accessories",0
2012,"Fashion & Accessories",500
2012,"Fashion & Accessories",100
2012,"Fashion & Accessories",0
2012,"Fashion & Accessories",100
2012,"Fashion & Accessories",0
2012,"Fashion & Accessories",800
2012,"Fashion & Accessories",0
2012,"Fashion & Accessories",0
2012,"Fashion & Accessories",400
2012,"Fashion & Accessories",0
2012,"Fashion & Accessories",0
2012,"Fashion & Accessories",100
2012,"Fashion & Accessories",0
2012,"Fashion & Accessories",900
2012,"Fashion & Accessories",0
2012,"Fashion & Accessories",0
2012,"Fashion & Accessories",400
2012,"Fashion & Accessories",100
2012,"Fashion & Accessories",0
2012,"Fashion & Accessories",100
2012,"Fashion & Accessories",0
2012,"Fashion & Accessories",600
2012,"Fashion & Accessories",0
2012,"Fashion & Accessories",0
2012,"Fashion & Accessories",300
2012,"Fashion & Accessories",100
2012,"Fashion & Accessories",0
2012,"Fashion & Accessories",0
2012,"Fashion & Accessories",0
2012,"Fashion & Accessories",700
2012,"Fashion & Accessories",0
2012,"Fashion & Accessories",0
2012,"Fashion & Accessories",400
2012,"Fashion & Accessories",100
2012,"Fashion & Accessories",0
2012,"Fashion & Accessories",100
2012,"Fashion & Accessories",0
2012,"Fashion & Accessories",900
2012,"Fashion & Accessories",0
2012,"Fashion & Accessories",0
2012,"Fashion & Accessories",400
2012,"Fashion & Accessories",100
2012,"Fashion & Accessories",0
2012,"Fashion & Accessories",100
2012,"Fashion & Accessories",0
2012,"Fashion & Accessories",700
2012,"Fashion & Accessories",0
2012,"Fashion & Accessories",0
2012,"Fashion & Accessories",300
2012,"Fashion & Accessories",100
2012,"Fashion & Accessories",0
2012,"Fashion & Accessories",100
2012,"Fashion & Accessories",0
2012,"Fashion & Accessories",800
2012,"Fashion & Accessories",0
2012,"Fashion & Accessories",0
2012,"Fashion & Accessories",300
2012,"Fashion & Accessories",100
2012,"Fashion & Accessories",0
2012,"Fashion & Accessories",100
2012,"Fashion & Accessories",0
2012,"Fashion & Accessories",900
2012,"Fashion & Accessories",0
2012,"Fashion & Accessories",0
2012,"Fashion & Accessories",400
2012,"Fashion & Accessories",0
2012,"Fashion & Accessories",100
2012,"Fashion & Accessories",0
2012,"Fashion & Accessories",1100
2012,"Fashion & Accessories",0
2012,"Fashion & Accessories",0
2012,"Fashion & Accessories",300
2012,"Fashion & Accessories",100
2012,"Fashion & Accessories",0
2012,"Fashion & Accessories",100
2012,"Fashion & Accessories",0
2013,"Fashion & Accessories",100
2013,"Fashion & Accessories",0
2013,"Fashion & Accessories",0
2013,"Fashion & Accessories",0
2013,"Fashion & Accessories",600
2013,"Fashion & Accessories",0
2013,"Fashion & Accessories",0
2013,"Fashion & Accessories",1800
2013,"Fashion & Accessories",0
2013,"Fashion & Accessories",0
2013,"Fashion & Accessories",0
2013,"Fashion & Accessories",0
2013,"Fashion & Accessories",600
2013,"Fashion & Accessories",0
2013,"Fashion & Accessories",0
2013,"Fashion & Accessories",1900
2013,"Fashion & Accessories",0
2013,"Fashion & Accessories",0
2013,"Fashion & Accessories",0
2013,"Fashion & Accessories",0
2013,"Fashion & Accessories",600
2013,"Fashion & Accessories",0
2013,"Fashion & Accessories",0
2013,"Fashion & Accessories",1700
2013,"Fashion & Accessories",0
2013,"Fashion & Accessories",0
2013,"Fashion & Accessories",0
2013,"Fashion & Accessories",0
2013,"Fashion & Accessories",500
2013,"Fashion & Accessories",0
2013,"Fashion & Accessories",0
2013,"Fashion & Accessories",1800
2013,"Fashion & Accessories",0
2013,"Fashion & Accessories",0
2013,"Fashion & Accessories",0
2013,"Fashion & Accessories",0
2013,"Fashion & Accessories",500
2013,"Fashion & Accessories",0
2013,"Fashion & Accessories",0
2013,"Fashion & Accessories",2100
2013,"Fashion & Accessories",0
2013,"Fashion & Accessories",0
2013,"Fashion & Accessories",0
2013,"Fashion & Accessories",0
2013,"Fashion & Accessories",500
2013,"Fashion & Accessories",0
2013,"Fashion & Accessories",0
2013,"Fashion & Accessories",2000
2013,"Fashion & Accessories",0
2013,"Fashion & Accessories",0
2013,"Fashion & Accessories",0
2013,"Fashion & Accessories",0
2013,"Fashion & Accessories",400
2013,"Fashion & Accessories",0
2013,"Fashion & Accessories",0
2013,"Fashion & Accessories",1900
2013,"Fashion & Accessories",0
2013,"Fashion & Accessories",0
2013,"Fashion & Accessories",0
2013,"Fashion & Accessories",0
2013,"Fashion & Accessories",500
2013,"Fashion & Accessories",0
2013,"Fashion & Accessories",0
2013,"Fashion & Accessories",1800
2013,"Fashion & Accessories",0
2013,"Fashion & Accessories",0
2013,"Fashion & Accessories",0
2013,"Fashion & Accessories",0
2013,"Fashion & Accessories",500
2013,"Fashion & Accessories",0
2013,"Fashion & Accessories",0
2013,"Fashion & Accessories",1800
2013,"Fashion & Accessories",0
2013,"Fashion & Accessories",0
2013,"Fashion & Accessories",0
2013,"Fashion & Accessories",0
2013,"Fashion & Accessories",400
2013,"Fashion & Accessories",0
2013,"Fashion & Accessories",0
2013,"Fashion & Accessories",2100
2013,"Fashion & Accessories",0
2013,"Fashion & Accessories",0
2013,"Fashion & Accessories",0
2013,"Fashion & Accessories",0
2013,"Fashion & Accessories",400
2013,"Fashion & Accessories",0
2013,"Fashion & Accessories",0
2013,"Fashion & Accessories",2000
2013,"Fashion & Accessories",0
2013,"Fashion & Accessories",0
2013,"Fashion & Accessories",0
2013,"Fashion & Accessories",0
2013,"Fashion & Accessories",400
2013,"Fashion & Accessories",0
2013,"Fashion & Accessories",0
2013,"Fashion & Accessories",1700
2014,"Fashion & Accessories",0
2014,"Fashion & Accessories",400
2014,"Fashion & Accessories",0
2014,"Fashion & Accessories",0
2014,"Fashion & Accessories",300
2014,"Fashion & Accessories",100
2014,"Fashion & Accessories",0
2014,"Fashion & Accessories",0
2014,"Fashion & Accessories",0
2014,"Fashion & Accessories",800
2014,"Fashion & Accessories",0
2014,"Fashion & Accessories",0
2014,"Fashion & Accessories",800
2014,"Fashion & Accessories",0
2014,"Fashion & Accessories",100
2014,"Fashion & Accessories",0
2014,"Fashion & Accessories",600
2014,"Fashion & Accessories",0
2014,"Fashion & Accessories",0
2014,"Fashion & Accessories",300
2014,"Fashion & Accessories",100
2014,"Fashion & Accessories",0
2014,"Fashion & Accessories",100
2014,"Fashion & Accessories",0
2014,"Fashion & Accessories",800
2014,"Fashion & Accessories",0
2014,"Fashion & Accessories",0
2014,"Fashion & Accessories",300
2014,"Fashion & Accessories",100
2014,"Fashion & Accessories",0
2014,"Fashion & Accessories",100
2014,"Fashion & Accessories",0
2014,"Fashion & Accessories",800
2014,"Fashion & Accessories",0
2014,"Fashion & Accessories",0
2014,"Fashion & Accessories",300
2014,"Fashion & Accessories",100
2014,"Fashion & Accessories",0
2014,"Fashion & Accessories",100
2014,"Fashion & Accessories",0
2014,"Fashion & Accessories",500
2014,"Fashion & Accessories",0
2014,"Fashion & Accessories",0
2014,"Fashion & Accessories",300
2014,"Fashion & Accessories",100
2014,"Fashion & Accessories",0
2014,"Fashion & Accessories",0
2014,"Fashion & Accessories",0
2014,"Fashion & Accessories",800
2014,"Fashion & Accessories",0
2014,"Fashion & Accessories",0
2014,"Fashion & Accessories",300
2014,"Fashion & Accessories",100
2014,"Fashion & Accessories",0
2014,"Fashion & Accessories",100
2014,"Fashion & Accessories",0
2014,"Fashion & Accessories",900
2014,"Fashion & Accessories",0
2014,"Fashion & Accessories",0
2014,"Fashion & Accessories",300
2014,"Fashion & Accessories",100
2014,"Fashion & Accessories",0
2014,"Fashion & Accessories",100
2014,"Fashion & Accessories",0
2014,"Fashion & Accessories",700
2014,"Fashion & Accessories",0
2014,"Fashion & Accessories",0
2014,"Fashion & Accessories",300
2014,"Fashion & Accessories",100
2014,"Fashion & Accessories",0
2014,"Fashion & Accessories",100
2014,"Fashion & Accessories",0
2014,"Fashion & Accessories",800
2014,"Fashion & Accessories",0
2014,"Fashion & Accessories",0
2014,"Fashion & Accessories",300
2014,"Fashion & Accessories",100
2014,"Fashion & Accessories",0
2014,"Fashion & Accessories",100
2014,"Fashion & Accessories",0
2014,"Fashion & Accessories",900
2014,"Fashion & Accessories",0
2014,"Fashion & Accessories",0
2014,"Fashion & Accessories",300
2014,"Fashion & Accessories",100
2014,"Fashion & Accessories",0
2014,"Fashion & Accessories",0
2014,"Fashion & Accessories",0
2014,"Fashion & Accessories",1100
2014,"Fashion & Accessories",0
2014,"Fashion & Accessories",0
2014,"Fashion & Accessories",300
2014,"Fashion & Accessories",100
2014,"Fashion & Accessories",0
2014,"Fashion & Accessories",0
2014,"Fashion & Accessories",0
2015,"Fashion & Accessories",0
2015,"Fashion & Accessories",0
2015,"Fashion & Accessories",0
2015,"Fashion & Accessories",100
2015,"Fashion & Accessories",0
2015,"Fashion & Accessories",0
2015,"Fashion & Accessories",0
2015,"Fashion & Accessories",500
2015,"Fashion & Accessories",100
2015,"Fashion & Accessories",0
2015,"Fashion & Accessories",0
2015,"Fashion & Accessories",0
2015,"Fashion & Accessories",600
2015,"Fashion & Accessories",0
2015,"Fashion & Accessories",100
2015,"Fashion & Accessories",0
2015,"Fashion & Accessories",0
2015,"Fashion & Accessories",0
2015,"Fashion & Accessories",0
2015,"Fashion & Accessories",1100
2015,"Fashion & Accessories",0
2015,"Fashion & Accessories",0
2015,"Fashion & Accessories",0
2015,"Fashion & Accessories",0
2015,"Fashion & Accessories",400
2015,"Fashion & Accessories",0
2015,"Fashion & Accessories",0
2015,"Fashion & Accessories",1700
2015,"Fashion & Accessories",0
2015,"Fashion & Accessories",0
2015,"Fashion & Accessories",0
2015,"Fashion & Accessories",0
2015,"Fashion & Accessories",0
2015,"Fashion & Accessories",400
2015,"Fashion & Accessories",0
2015,"Fashion & Accessories",500
2015,"Fashion & Accessories",0
2015,"Fashion & Accessories",0
2015,"Fashion & Accessories",1800
2015,"Fashion & Accessories",0
2015,"Fashion & Accessories",0
2015,"Fashion & Accessories",0
2015,"Fashion & Accessories",0
2015,"Fashion & Accessories",2000
2015,"Fashion & Accessories",0
2015,"Fashion & Accessories",0
2015,"Fashion & Accessories",0
2015,"Fashion & Accessories",0
2015,"Fashion & Accessories",400
2015,"Fashion & Accessories",0
2015,"Fashion & Accessories",200
2015,"Fashion & Accessories",0
2015,"Fashion & Accessories",0
2015,"Fashion & Accessories",400
2015,"Fashion & Accessories",0
2015,"Fashion & Accessories",0
2015,"Fashion & Accessories",2000
2015,"Fashion & Accessories",0
2015,"Fashion & Accessories",0
2015,"Fashion & Accessories",1800
2015,"Fashion & Accessories",0
2015,"Fashion & Accessories",0
2015,"Fashion & Accessories",0
2015,"Fashion & Accessories",0
2015,"Fashion & Accessories",300
2015,"Fashion & Accessories",0
2015,"Fashion & Accessories",0
2015,"Fashion & Accessories",0
2015,"Fashion & Accessories",2400
2015,"Fashion & Accessories",0
2015,"Fashion & Accessories",0
2015,"Fashion & Accessories",100
2015,"Fashion & Accessories",0
2015,"Fashion & Accessories",0
2015,"Fashion & Accessories",0
2015,"Fashion & Accessories",700
2015,"Fashion & Accessories",0
2015,"Fashion & Accessories",0
2015,"Fashion & Accessories",200
2015,"Fashion & Accessories",0
2015,"Fashion & Accessories",0
2015,"Fashion & Accessories",2000
2015,"Fashion & Accessories",0
2015,"Fashion & Accessories",0
2015,"Fashion & Accessories",0
2015,"Fashion & Accessories",0
2015,"Fashion & Accessories",1500
2015,"Fashion & Accessories",0
2015,"Fashion & Accessories",0
2015,"Fashion & Accessories",0
2015,"Fashion & Accessories",1800
2015,"Fashion & Accessories",0
2015,"Fashion & Accessories",1600
2015,"Fashion & Accessories",0
2015,"Fashion & Accessories",100
2015,"Fashion & Accessories",0
2016,"Fashion & Accessories",0
2016,"Fashion & Accessories",0
2016,"Fashion & Accessories",0
2016,"Fashion & Accessories",0
2016,"Fashion & Accessories",2000
2016,"Fashion & Accessories",0
2016,"Fashion & Accessories",0
2016,"Fashion & Accessories",0
2016,"Fashion & Accessories",400
2016,"Fashion & Accessories",0
2016,"Fashion & Accessories",0
2016,"Fashion & Accessories",1800
2016,"Fashion & Accessories",0
2016,"Fashion & Accessories",0
2016,"Fashion & Accessories",0
2016,"Fashion & Accessories",0
2016,"Fashion & Accessories",0
2016,"Fashion & Accessories",0
2016,"Fashion & Accessories",0
2016,"Fashion & Accessories",200
2016,"Fashion & Accessories",0
2016,"Fashion & Accessories",100
2016,"Fashion & Accessories",0
2016,"Fashion & Accessories",1800
2016,"Fashion & Accessories",0
2016,"Fashion & Accessories",200
2016,"Fashion & Accessories",0
2016,"Fashion & Accessories",0
2016,"Fashion & Accessories",2800
2016,"Fashion & Accessories",0
2016,"Fashion & Accessories",0
2016,"Fashion & Accessories",0
2016,"Fashion & Accessories",1700
2016,"Fashion & Accessories",0
2016,"Fashion & Accessories",0
2016,"Fashion & Accessories",0
2016,"Fashion & Accessories",0
2016,"Fashion & Accessories",1100
2016,"Fashion & Accessories",0
2016,"Fashion & Accessories",300
2016,"Fashion & Accessories",100
2016,"Fashion & Accessories",0
2016,"Fashion & Accessories",100
2016,"Fashion & Accessories",0
2016,"Fashion & Accessories",0
2016,"Fashion & Accessories",0
2016,"Fashion & Accessories",0
2016,"Fashion & Accessories",400
2016,"Fashion & Accessories",0
2016,"Fashion & Accessories",0
2016,"Fashion & Accessories",1800
2016,"Fashion & Accessories",0
2016,"Fashion & Accessories",0
2016,"Fashion & Accessories",0
2016,"Fashion & Accessories",0
2016,"Fashion & Accessories",0
2016,"Fashion & Accessories",300
2016,"Fashion & Accessories",100
2016,"Fashion & Accessories",0
2016,"Fashion & Accessories",0
2016,"Fashion & Accessories",0
2016,"Fashion & Accessories",0
2016,"Fashion & Accessories",0
2016,"Fashion & Accessories",0
2016,"Fashion & Accessories",400
2016,"Fashion & Accessories",0
2016,"Fashion & Accessories",0
2016,"Fashion & Accessories",1900
2016,"Fashion & Accessories",0
2016,"Fashion & Accessories",0
2016,"Fashion & Accessories",0
2016,"Fashion & Accessories",0
2016,"Fashion & Accessories",300
2016,"Fashion & Accessories",100
2016,"Fashion & Accessories",0
2016,"Fashion & Accessories",100
2016,"Fashion & Accessories",0
2016,"Fashion & Accessories",600
2016,"Fashion & Accessories",0
2016,"Fashion & Accessories",0
2016,"Fashion & Accessories",300
2016,"Fashion & Accessories",100
2016,"Fashion & Accessories",0
2016,"Fashion & Accessories",0
2016,"Fashion & Accessories",0
2016,"Fashion & Accessories",200
2016,"Fashion & Accessories",0
2016,"Fashion & Accessories",0
2016,"Fashion & Accessories",900
2016,"Fashion & Accessories",0
2016,"Fashion & Accessories",0
2016,"Fashion & Accessories",1500
2016,"Fashion & Accessories",0
2016,"Fashion & Accessories",100
2016,"Fashion & Accessories",0
2016,"Fashion & Accessories",100
2017,"Fashion & Accessories",0
2017,"Fashion & Accessories",0
2017,"Fashion & Accessories",0
2017,"Fashion & Accessories",0
2017,"Fashion & Accessories",500
2017,"Fashion & Accessories",0
2017,"Fashion & Accessories",0
2017,"Fashion & Accessories",1700
2017,"Fashion & Accessories",0
2017,"Fashion & Accessories",0
2017,"Fashion & Accessories",0
2017,"Fashion & Accessories",0
2017,"Fashion & Accessories",300
2017,"Fashion & Accessories",100
2017,"Fashion & Accessories",0
2017,"Fashion & Accessories",100
2017,"Fashion & Accessories",0
2017,"Fashion & Accessories",100
2017,"Fashion & Accessories",0
2017,"Fashion & Accessories",0
2017,"Fashion & Accessories",600
2017,"Fashion & Accessories",0
2017,"Fashion & Accessories",0
2017,"Fashion & Accessories",2100
2017,"Fashion & Accessories",0
2017,"Fashion & Accessories",0
2017,"Fashion & Accessories",0
2017,"Fashion & Accessories",0
2017,"Fashion & Accessories",600
2017,"Fashion & Accessories",0
2017,"Fashion & Accessories",0
2017,"Fashion & Accessories",2200
2017,"Fashion & Accessories",0
2017,"Fashion & Accessories",0
2017,"Fashion & Accessories",0
2017,"Fashion & Accessories",0
2017,"Fashion & Accessories",500
2017,"Fashion & Accessories",0
2017,"Fashion & Accessories",0
2017,"Fashion & Accessories",1900
2017,"Fashion & Accessories",0
2017,"Fashion & Accessories",0
2017,"Fashion & Accessories",0
2017,"Fashion & Accessories",0
2017,"Fashion & Accessories",400
2017,"Fashion & Accessories",0
2017,"Fashion & Accessories",0
2017,"Fashion & Accessories",1800
2017,"Fashion & Accessories",0
2017,"Fashion & Accessories",0
2017,"Fashion & Accessories",0
2017,"Fashion & Accessories",0
2017,"Fashion & Accessories",400
2017,"Fashion & Accessories",0
2017,"Fashion & Accessories",0
2017,"Fashion & Accessories",2100
2017,"Fashion & Accessories",0
2017,"Fashion & Accessories",0
2017,"Fashion & Accessories",0
2017,"Fashion & Accessories",0
2017,"Fashion & Accessories",500
2017,"Fashion & Accessories",0
2017,"Fashion & Accessories",0
2017,"Fashion & Accessories",2100
2017,"Fashion & Accessories",0
2017,"Fashion & Accessories",0
2017,"Fashion & Accessories",0
2017,"Fashion & Accessories",0
2017,"Fashion & Accessories",400
2017,"Fashion & Accessories",0
2017,"Fashion & Accessories",0
2017,"Fashion & Accessories",1800
2017,"Fashion & Accessories",0
2017,"Fashion & Accessories",0
2017,"Fashion & Accessories",0
2017,"Fashion & Accessories",0
2017,"Fashion & Accessories",200
2017,"Fashion & Accessories",0
2017,"Fashion & Accessories",0
2017,"Fashion & Accessories",0
2017,"Fashion & Accessories",400
2017,"Fashion & Accessories",0
2017,"Fashion & Accessories",0
2017,"Fashion & Accessories",1700
2017,"Fashion & Accessories",0
2017,"Fashion & Accessories",0
2017,"Fashion & Accessories",0
2017,"Fashion & Accessories",0
2017,"Fashion & Accessories",0
2017,"Fashion & Accessories",900
2017,"Fashion & Accessories",0
2017,"Fashion & Accessories",0
2017,"Fashion & Accessories",300
2017,"Fashion & Accessories",100
2017,"Fashion & Accessories",0
2017,"Fashion & Accessories",0
2018,"Fashion & Accessories",0
2018,"Fashion & Accessories",0
2018,"Fashion & Accessories",400
2018,"Fashion & Accessories",0
2018,"Fashion & Accessories",300
2018,"Fashion & Accessories",100
2018,"Fashion & Accessories",0
2018,"Fashion & Accessories",300
2018,"Fashion & Accessories",0
2018,"Fashion & Accessories",0
2018,"Fashion & Accessories",0
2018,"Fashion & Accessories",0
2018,"Fashion & Accessories",100
2018,"Fashion & Accessories",0
2018,"Fashion & Accessories",200
2018,"Fashion & Accessories",0
2018,"Fashion & Accessories",0
2018,"Fashion & Accessories",0
2018,"Fashion & Accessories",600
2018,"Fashion & Accessories",0
2018,"Fashion & Accessories",0
2018,"Fashion & Accessories",2200
2018,"Fashion & Accessories",0
2018,"Fashion & Accessories",0
2018,"Fashion & Accessories",0
2018,"Fashion & Accessories",0
2018,"Fashion & Accessories",1100
2018,"Fashion & Accessories",0
2018,"Fashion & Accessories",0
2018,"Fashion & Accessories",0
2018,"Fashion & Accessories",0
2018,"Fashion & Accessories",1600
2018,"Fashion & Accessories",0
2018,"Fashion & Accessories",0
2018,"Fashion & Accessories",400
2018,"Fashion & Accessories",0
2018,"Fashion & Accessories",0
2018,"Fashion & Accessories",300
2018,"Fashion & Accessories",0
2018,"Fashion & Accessories",700
2018,"Fashion & Accessories",0
2018,"Fashion & Accessories",0
2018,"Fashion & Accessories",0
2018,"Fashion & Accessories",0
2018,"Fashion & Accessories",300
2018,"Fashion & Accessories",0
2018,"Fashion & Accessories",100
2018,"Fashion & Accessories",0
2018,"Fashion & Accessories",400
2018,"Fashion & Accessories",0
2018,"Fashion & Accessories",100
2018,"Fashion & Accessories",0
2018,"Fashion & Accessories",900
2018,"Fashion & Accessories",0
2018,"Fashion & Accessories",0
2018,"Fashion & Accessories",0
2018,"Fashion & Accessories",0
2018,"Fashion & Accessories",400
2018,"Fashion & Accessories",0
2018,"Fashion & Accessories",300
2018,"Fashion & Accessories",0
2018,"Fashion & Accessories",600
2018,"Fashion & Accessories",0
2018,"Fashion & Accessories",0
2018,"Fashion & Accessories",100
2018,"Fashion & Accessories",0
2018,"Fashion & Accessories",1600
2018,"Fashion & Accessories",0
2018,"Fashion & Accessories",300
2018,"Fashion & Accessories",0
2018,"Fashion & Accessories",0
2018,"Fashion & Accessories",600
2018,"Fashion & Accessories",0
2018,"Fashion & Accessories",0
2018,"Fashion & Accessories",300
2018,"Fashion & Accessories",0
2018,"Fashion & Accessories",0
2018,"Fashion & Accessories",0
2018,"Fashion & Accessories",0
2018,"Fashion & Accessories",0
2018,"Fashion & Accessories",0
2018,"Fashion & Accessories",0
2018,"Fashion & Accessories",0
2018,"Fashion & Accessories",100
2018,"Fashion & Accessories",0
2018,"Fashion & Accessories",0
2018,"Fashion & Accessories",300
2018,"Fashion & Accessories",100
2018,"Fashion & Accessories",0
2018,"Fashion & Accessories",0
2018,"Fashion & Accessories",0
2018,"Fashion & Accessories",800
2018,"Fashion & Accessories",0
2018,"Fashion & Accessories",0
2018,"Fashion & Accessories",3100
2018,"Fashion & Accessories",0
2019,"Fashion & Accessories",0
2019,"Fashion & Accessories",200
2019,"Fashion & Accessories",500
2019,"Fashion & Accessories",0
2019,"Fashion & Accessories",1000
2019,"Fashion & Accessories",0
2019,"Fashion & Accessories",100
2019,"Fashion & Accessories",0
2019,"Fashion & Accessories",0
2019,"Fashion & Accessories",0
2019,"Fashion & Accessories",0
2019,"Fashion & Accessories",0
2019,"Fashion & Accessories",200
2019,"Fashion & Accessories",0
2019,"Fashion & Accessories",2100
2019,"Fashion & Accessories",0
2019,"Fashion & Accessories",0
2019,"Fashion & Accessories",1700
2019,"Fashion & Accessories",0
2019,"Fashion & Accessories",0
2019,"Fashion & Accessories",300
2019,"Fashion & Accessories",0
2019,"Fashion & Accessories",0
2019,"Fashion & Accessories",1200
2019,"Fashion & Accessories",0
2019,"Fashion & Accessories",0
2019,"Fashion & Accessories",1500
2019,"Fashion & Accessories",0
2019,"Fashion & Accessories",0
2019,"Fashion & Accessories",0
2019,"Fashion & Accessories",0
2019,"Fashion & Accessories",500
2019,"Fashion & Accessories",0
2019,"Fashion & Accessories",2800
2019,"Fashion & Accessories",0
2019,"Fashion & Accessories",0
2019,"Fashion & Accessories",0
2019,"Fashion & Accessories",400
2019,"Fashion & Accessories",0
2019,"Fashion & Accessories",0
2019,"Fashion & Accessories",0
2019,"Fashion & Accessories",0
2019,"Fashion & Accessories",500
2019,"Fashion & Accessories",0
2019,"Fashion & Accessories",0
2019,"Fashion & Accessories",600
2019,"Fashion & Accessories",0
2019,"Fashion & Accessories",200
2019,"Fashion & Accessories",0
2019,"Fashion & Accessories",0
2019,"Fashion & Accessories",1800
2019,"Fashion & Accessories",100
2019,"Fashion & Accessories",0
2019,"Fashion & Accessories",0
2019,"Fashion & Accessories",0
2019,"Fashion & Accessories",0
2019,"Fashion & Accessories",1700
2019,"Fashion & Accessories",0
2019,"Fashion & Accessories",0
2019,"Fashion & Accessories",0
2019,"Fashion & Accessories",0
2019,"Fashion & Accessories",0
2019,"Fashion & Accessories",0
2019,"Fashion & Accessories",0
2019,"Fashion & Accessories",0
2019,"Fashion & Accessories",200
2019,"Fashion & Accessories",0
2019,"Fashion & Accessories",0
2019,"Fashion & Accessories",0
2019,"Fashion & Accessories",500
2019,"Fashion & Accessories",100
2019,"Fashion & Accessories",0
2019,"Fashion & Accessories",300
2019,"Fashion & Accessories",200
2019,"Fashion & Accessories",0
2019,"Fashion & Accessories",1500
2019,"Fashion & Accessories",0
2019,"Fashion & Accessories",500
2019,"Fashion & Accessories",0
2019,"Fashion & Accessories",0
2019,"Fashion & Accessories",1300
2019,"Fashion & Accessories",0
2019,"Fashion & Accessories",600
2019,"Fashion & Accessories",0
2019,"Fashion & Accessories",0
2019,"Fashion & Accessories",0
2019,"Fashion & Accessories",500
2019,"Fashion & Accessories",0
2019,"Fashion & Accessories",0
2019,"Fashion & Accessories",1900
2019,"Fashion & Accessories",0
2019,"Fashion & Accessories",0
2019,"Fashion & Accessories",0
2019,"Fashion & Accessories",1000
2019,"Fashion & Accessories",0
2019,"Fashion & Accessories",1600
2020,"Fashion & Accessories",0
2020,"Fashion & Accessories",2800
2020,"Fashion & Accessories",0
2020,"Fashion & Accessories",0
2020,"Fashion & Accessories",500
2020,"Fashion & Accessories",200
2020,"Fashion & Accessories",0
2020,"Fashion & Accessories",200
2020,"Fashion & Accessories",0
2020,"Fashion & Accessories",600
2020,"Fashion & Accessories",0
2020,"Fashion & Accessories",0
2020,"Fashion & Accessories",400
2020,"Fashion & Accessories",100
2020,"Fashion & Accessories",0
2020,"Fashion & Accessories",100
2020,"Fashion & Accessories",0
2020,"Fashion & Accessories",0
2020,"Fashion & Accessories",0
2020,"Fashion & Accessories",0
2020,"Fashion & Accessories",400
2020,"Fashion & Accessories",0
2020,"Fashion & Accessories",0
2020,"Fashion & Accessories",2200
2020,"Fashion & Accessories",0
2020,"Fashion & Accessories",0
2020,"Fashion & Accessories",0
2020,"Fashion & Accessories",1400
2020,"Fashion & Accessories",0
2020,"Fashion & Accessories",0
2020,"Fashion & Accessories",500
2020,"Fashion & Accessories",100
2020,"Fashion & Accessories",0
2020,"Fashion & Accessories",100
2020,"Fashion & Accessories",0
2020,"Fashion & Accessories",0
2020,"Fashion & Accessories",200
2020,"Fashion & Accessories",700
2020,"Fashion & Accessories",0
2020,"Fashion & Accessories",0
2020,"Fashion & Accessories",500
2020,"Fashion & Accessories",100
2020,"Fashion & Accessories",0
2020,"Fashion & Accessories",100
2020,"Fashion & Accessories",0
2020,"Fashion & Accessories",300
2020,"Fashion & Accessories",0
2020,"Fashion & Accessories",0
2020,"Fashion & Accessories",0
2020,"Fashion & Accessories",NULL
2020,"Fashion & Accessories",NULL
2020,"Fashion & Accessories",100
2020,"Fashion & Accessories",0
2020,"Fashion & Accessories",100
2020,"Fashion & Accessories",0
2020,"Fashion & Accessories",0
2020,"Fashion & Accessories",0
2020,"Fashion & Accessories",0
2020,"Fashion & Accessories",400
2020,"Fashion & Accessories",0
2020,"Fashion & Accessories",0
2020,"Fashion & Accessories",200
2020,"Fashion & Accessories",1300
2020,"Fashion & Accessories",0
2020,"Fashion & Accessories",0
2020,"Fashion & Accessories",0
2020,"Fashion & Accessories",600
2020,"Fashion & Accessories",0
2020,"Fashion & Accessories",400
2020,"Fashion & Accessories",200
2020,"Fashion & Accessories",0
2020,"Fashion & Accessories",0
2020,"Fashion & Accessories",NULL
2020,"Fashion & Accessories",NULL
2020,"Fashion & Accessories",100
2020,"Fashion & Accessories",0
2020,"Fashion & Accessories",100
2020,"Fashion & Accessories",0
2020,"Fashion & Accessories",0
2020,"Fashion & Accessories",100
2020,"Fashion & Accessories",0
2020,"Fashion & Accessories",0
2020,"Fashion & Accessories",0
2020,"Fashion & Accessories",1700
2020,"Fashion & Accessories",0
2020,"Fashion & Accessories",0
2020,"Fashion & Accessories",500
2020,"Fashion & Accessories",100
2020,"Fashion & Accessories",0
2020,"Fashion & Accessories",0
2020,"Fashion & Accessories",0
2020,"Fashion & Accessories",100
2020,"Fashion & Accessories",0
2020,"Fashion & Accessories",0
2020,"Fashion & Accessories",1800
2020,"Fashion & Accessories",0
2021,"Fashion & Accessories",500
2021,"Fashion & Accessories",0
2021,"Fashion & Accessories",200
2021,"Fashion & Accessories",0
2021,"Fashion & Accessories",0
2021,"Fashion & Accessories",100
2021,"Fashion & Accessories",0
2021,"Fashion & Accessories",200
2021,"Fashion & Accessories",0
2021,"Fashion & Accessories",NULL
2021,"Fashion & Accessories",NULL
2021,"Fashion & Accessories",0
2021,"Fashion & Accessories",500
2021,"Fashion & Accessories",0
2021,"Fashion & Accessories",NULL
2021,"Fashion & Accessories",NULL
2021,"Fashion & Accessories",500
2021,"Fashion & Accessories",0
2021,"Fashion & Accessories",200
2021,"Fashion & Accessories",0
2021,"Fashion & Accessories",0
2021,"Fashion & Accessories",NULL
2021,"Fashion & Accessories",NULL
2021,"Fashion & Accessories",0
2021,"Fashion & Accessories",500
2021,"Fashion & Accessories",0
2021,"Fashion & Accessories",700
2021,"Fashion & Accessories",0
2021,"Fashion & Accessories",0
2021,"Fashion & Accessories",0
2021,"Fashion & Accessories",NULL
2021,"Fashion & Accessories",NULL
2021,"Fashion & Accessories",3800
2021,"Fashion & Accessories",0
2021,"Fashion & Accessories",100
2021,"Fashion & Accessories",NULL
2021,"Fashion & Accessories",NULL
2021,"Fashion & Accessories",0
2021,"Fashion & Accessories",NULL
2021,"Fashion & Accessories",NULL
2021,"Fashion & Accessories",0
2021,"Fashion & Accessories",0
2021,"Fashion & Accessories",0
2021,"Fashion & Accessories",NULL
2021,"Fashion & Accessories",NULL
2021,"Fashion & Accessories",0
2021,"Fashion & Accessories",NULL
2021,"Fashion & Accessories",NULL
2021,"Fashion & Accessories",0
2021,"Fashion & Accessories",300
2021,"Fashion & Accessories",100
2021,"Fashion & Accessories",0
2021,"Fashion & Accessories",100
2021,"Fashion & Accessories",0
2021,"Fashion & Accessories",6400
2021,"Fashion & Accessories",0
2021,"Fashion & Accessories",NULL
2021,"Fashion & Accessories",NULL
2021,"Fashion & Accessories",0
2021,"Fashion & Accessories",500
2021,"Fashion & Accessories",0
2021,"Fashion & Accessories",700
2021,"Fashion & Accessories",0
2021,"Fashion & Accessories",0
2021,"Fashion & Accessories",NULL
2021,"Fashion & Accessories",NULL
2021,"Fashion & Accessories",0
2021,"Fashion & Accessories",0
2021,"Fashion & Accessories",0
2021,"Fashion & Accessories",0
2021,"Fashion & Accessories",0
2021,"Fashion & Accessories",1200
2021,"Fashion & Accessories",0
2021,"Fashion & Accessories",NULL
2021,"Fashion & Accessories",NULL
2021,"Fashion & Accessories",0
2021,"Fashion & Accessories",200
2021,"Fashion & Accessories",0
2021,"Fashion & Accessories",NULL
2021,"Fashion & Accessories",NULL
2021,"Fashion & Accessories",0
2021,"Fashion & Accessories",NULL
2021,"Fashion & Accessories",NULL
2021,"Fashion & Accessories",NULL
2021,"Fashion & Accessories",NULL
2021,"Fashion & Accessories",0
2021,"Fashion & Accessories",600
2021,"Fashion & Accessories",0
2021,"Fashion & Accessories",0
2021,"Fashion & Accessories",NULL
2021,"Fashion & Accessories",NULL
2021,"Fashion & Accessories",NULL
2021,"Fashion & Accessories",0
2021,"Fashion & Accessories",NULL
2021,"Fashion & Accessories",NULL
2021,"Fashion & Accessories",NULL
2022,"Fashion & Accessories",NULL
2022,"Fashion & Accessories",0
2022,"Fashion & Accessories",0
2022,"Fashion & Accessories",NULL
2022,"Fashion & Accessories",NULL
2022,"Fashion & Accessories",0
2022,"Fashion & Accessories",NULL
2022,"Fashion & Accessories",NULL
2022,"Fashion & Accessories",200
2022,"Fashion & Accessories",0
2022,"Fashion & Accessories",100
2022,"Fashion & Accessories",NULL
2022,"Fashion & Accessories",NULL
2022,"Fashion & Accessories",NULL
2022,"Fashion & Accessories",100
2022,"Fashion & Accessories",0
2022,"Fashion & Accessories",0
2022,"Fashion & Accessories",NULL
2022,"Fashion & Accessories",NULL
2022,"Fashion & Accessories",0
2022,"Fashion & Accessories",NULL
2022,"Fashion & Accessories",NULL
2022,"Fashion & Accessories",100
2022,"Fashion & Accessories",0
2022,"Fashion & Accessories",100
2022,"Fashion & Accessories",NULL
2022,"Fashion & Accessories",NULL
2022,"Fashion & Accessories",0
2022,"Fashion & Accessories",NULL
2022,"Fashion & Accessories",NULL
2022,"Fashion & Accessories",100
2022,"Fashion & Accessories",0
2022,"Fashion & Accessories",100
2022,"Fashion & Accessories",NULL
2022,"Fashion & Accessories",NULL
2022,"Fashion & Accessories",0
2022,"Fashion & Accessories",NULL
2022,"Fashion & Accessories",NULL
2022,"Fashion & Accessories",100
2022,"Fashion & Accessories",0
2022,"Fashion & Accessories",100
2022,"Fashion & Accessories",NULL
2022,"Fashion & Accessories",NULL
2022,"Fashion & Accessories",0
2022,"Fashion & Accessories",NULL
2022,"Fashion & Accessories",NULL
2022,"Fashion & Accessories",100
2022,"Fashion & Accessories",0
2022,"Fashion & Accessories",100
2022,"Fashion & Accessories",NULL
2022,"Fashion & Accessories",NULL
2022,"Fashion & Accessories",0
2022,"Fashion & Accessories",0
2022,"Fashion & Accessories",0
2022,"Fashion & Accessories",NULL
2022,"Fashion & Accessories",NULL
2022,"Fashion & Accessories",200
2022,"Fashion & Accessories",0
2022,"Fashion & Accessories",100
2022,"Fashion & Accessories",NULL
2022,"Fashion & Accessories",NULL
2022,"Fashion & Accessories",0
2022,"Fashion & Accessories",NULL
2022,"Fashion & Accessories",NULL
2022,"Fashion & Accessories",200
2022,"Fashion & Accessories",0
2022,"Fashion & Accessories",100
2022,"Fashion & Accessories",NULL
2022,"Fashion & Accessories",NULL
2022,"Fashion & Accessories",0
2022,"Fashion & Accessories",NULL
2022,"Fashion & Accessories",NULL
2022,"Fashion & Accessories",200
2022,"Fashion & Accessories",0
2022,"Fashion & Accessories",100
2022,"Fashion & Accessories",NULL
2022,"Fashion & Accessories",NULL
2022,"Fashion & Accessories",NULL
2022,"Fashion & Accessories",0
2022,"Fashion & Accessories",700
2022,"Fashion & Accessories",0
2022,"Fashion & Accessories",0
2022,"Fashion & Accessories",NULL
2022,"Fashion & Accessories",NULL
2022,"Fashion & Accessories",100
2022,"Fashion & Accessories",0
2022,"Fashion & Accessories",200
2022,"Fashion & Accessories",NULL
2022,"Fashion & Accessories",NULL
2022,"Fashion & Accessories",0
2022,"Fashion & Accessories",NULL
2022,"Fashion & Accessories",NULL
2022,"Fashion & Accessories",NULL
2022,"Fashion & Accessories",NULL
2022,"Fashion & Accessories",0
2022,"Fashion & Accessories",1400
2010,"Food & Beverage",NULL
2010,"Food & Beverage",0
2010,"Food & Beverage",1400
2010,"Food & Beverage",0
2010,"Food & Beverage",0
2010,"Food & Beverage",1000
2010,"Food & Beverage",0
2010,"Food & Beverage",0
2010,"Food & Beverage",0
2010,"Food & Beverage",1100
2010,"Food & Beverage",0
2010,"Food & Beverage",0
2010,"Food & Beverage",0
2010,"Food & Beverage",0
2010,"Food & Beverage",0
2010,"Food & Beverage",0
2010,"Food & Beverage",0
2010,"Food & Beverage",0
2010,"Food & Beverage",0
2010,"Food & Beverage",0
2010,"Food & Beverage",0
2010,"Food & Beverage",0
2010,"Food & Beverage",0
2010,"Food & Beverage",0
2010,"Food & Beverage",1200
2010,"Food & Beverage",0
2010,"Food & Beverage",0
2010,"Food & Beverage",0
2010,"Food & Beverage",0
2010,"Food & Beverage",0
2010,"Food & Beverage",700
2010,"Food & Beverage",0
2010,"Food & Beverage",0
2010,"Food & Beverage",1100
2010,"Food & Beverage",0
2010,"Food & Beverage",1300
2010,"Food & Beverage",0
2010,"Food & Beverage",0
2010,"Food & Beverage",1400
2010,"Food & Beverage",0
2010,"Food & Beverage",0
2010,"Food & Beverage",0
2010,"Food & Beverage",0
2010,"Food & Beverage",1100
2010,"Food & Beverage",0
2010,"Food & Beverage",0
2010,"Food & Beverage",0
2010,"Food & Beverage",0
2010,"Food & Beverage",0
2010,"Food & Beverage",0
2010,"Food & Beverage",1000
2010,"Food & Beverage",0
2010,"Food & Beverage",0
2010,"Food & Beverage",0
2010,"Food & Beverage",1300
2010,"Food & Beverage",0
2010,"Food & Beverage",0
2010,"Food & Beverage",0
2010,"Food & Beverage",800
2010,"Food & Beverage",0
2011,"Food & Beverage",0
2011,"Food & Beverage",0
2011,"Food & Beverage",1200
2011,"Food & Beverage",0
2011,"Food & Beverage",0
2011,"Food & Beverage",0
2011,"Food & Beverage",0
2011,"Food & Beverage",1100
2011,"Food & Beverage",0
2011,"Food & Beverage",0
2011,"Food & Beverage",0
2011,"Food & Beverage",0
2011,"Food & Beverage",0
2011,"Food & Beverage",0
2011,"Food & Beverage",1100
2011,"Food & Beverage",0
2011,"Food & Beverage",0
2011,"Food & Beverage",0
2011,"Food & Beverage",1100
2011,"Food & Beverage",0
2011,"Food & Beverage",0
2011,"Food & Beverage",0
2011,"Food & Beverage",0
2011,"Food & Beverage",1200
2011,"Food & Beverage",0
2011,"Food & Beverage",0
2011,"Food & Beverage",0
2011,"Food & Beverage",0
2011,"Food & Beverage",700
2011,"Food & Beverage",0
2011,"Food & Beverage",0
2011,"Food & Beverage",1100
2011,"Food & Beverage",0
2011,"Food & Beverage",0
2011,"Food & Beverage",0
2011,"Food & Beverage",0
2011,"Food & Beverage",0
2011,"Food & Beverage",0
2011,"Food & Beverage",1300
2011,"Food & Beverage",0
2011,"Food & Beverage",0
2011,"Food & Beverage",1100
2011,"Food & Beverage",0
2011,"Food & Beverage",0
2011,"Food & Beverage",0
2011,"Food & Beverage",0
2011,"Food & Beverage",0
2011,"Food & Beverage",0
2011,"Food & Beverage",0
2011,"Food & Beverage",0
2011,"Food & Beverage",0
2011,"Food & Beverage",0
2011,"Food & Beverage",700
2011,"Food & Beverage",0
2011,"Food & Beverage",0
2011,"Food & Beverage",0
2011,"Food & Beverage",0
2011,"Food & Beverage",0
2011,"Food & Beverage",0
2011,"Food & Beverage",0
2012,"Food & Beverage",1300
2012,"Food & Beverage",0
2012,"Food & Beverage",0
2012,"Food & Beverage",0
2012,"Food & Beverage",800
2012,"Food & Beverage",0
2012,"Food & Beverage",0
2012,"Food & Beverage",0
2012,"Food & Beverage",0
2012,"Food & Beverage",1000
2012,"Food & Beverage",0
2012,"Food & Beverage",0
2012,"Food & Beverage",0
2012,"Food & Beverage",0
2012,"Food & Beverage",0
2012,"Food & Beverage",0
2012,"Food & Beverage",0
2012,"Food & Beverage",0
2012,"Food & Beverage",0
2012,"Food & Beverage",1000
2012,"Food & Beverage",0
2012,"Food & Beverage",0
2012,"Food & Beverage",0
2012,"Food & Beverage",1300
2012,"Food & Beverage",0
2012,"Food & Beverage",700
2012,"Food & Beverage",0
2012,"Food & Beverage",0
2012,"Food & Beverage",0
2012,"Food & Beverage",1100
2012,"Food & Beverage",0
2012,"Food & Beverage",0
2012,"Food & Beverage",0
2012,"Food & Beverage",0
2012,"Food & Beverage",0
2012,"Food & Beverage",800
2012,"Food & Beverage",0
2012,"Food & Beverage",0
2012,"Food & Beverage",0
2012,"Food & Beverage",0
2012,"Food & Beverage",1100
2012,"Food & Beverage",0
2012,"Food & Beverage",0
2012,"Food & Beverage",0
2012,"Food & Beverage",0
2012,"Food & Beverage",0
2012,"Food & Beverage",0
2012,"Food & Beverage",1000
2012,"Food & Beverage",0
2012,"Food & Beverage",0
2012,"Food & Beverage",0
2012,"Food & Beverage",0
2012,"Food & Beverage",0
2012,"Food & Beverage",0
2012,"Food & Beverage",0
2012,"Food & Beverage",800
2012,"Food & Beverage",0
2012,"Food & Beverage",800
2012,"Food & Beverage",0
2012,"Food & Beverage",0
2013,"Food & Beverage",0
2013,"Food & Beverage",1300
2013,"Food & Beverage",0
2013,"Food & Beverage",0
2013,"Food & Beverage",0
2013,"Food & Beverage",0
2013,"Food & Beverage",0
2013,"Food & Beverage",0
2013,"Food & Beverage",0
2013,"Food & Beverage",0
2013,"Food & Beverage",1000
2013,"Food & Beverage",0
2013,"Food & Beverage",0
2013,"Food & Beverage",0
2013,"Food & Beverage",0
2013,"Food & Beverage",0
2013,"Food & Beverage",0
2013,"Food & Beverage",1200
2013,"Food & Beverage",0
2013,"Food & Beverage",0
2013,"Food & Beverage",0
2013,"Food & Beverage",0
2013,"Food & Beverage",0
2013,"Food & Beverage",0
2013,"Food & Beverage",0
2013,"Food & Beverage",0
2013,"Food & Beverage",0
2013,"Food & Beverage",0
2013,"Food & Beverage",0
2013,"Food & Beverage",0
2013,"Food & Beverage",1400
2013,"Food & Beverage",0
2013,"Food & Beverage",0
2013,"Food & Beverage",0
2013,"Food & Beverage",0
2013,"Food & Beverage",0
2013,"Food & Beverage",0
2013,"Food & Beverage",700
2013,"Food & Beverage",0
2013,"Food & Beverage",0
2013,"Food & Beverage",1000
2013,"Food & Beverage",0
2013,"Food & Beverage",900
2013,"Food & Beverage",0
2013,"Food & Beverage",0
2013,"Food & Beverage",900
2013,"Food & Beverage",0
2013,"Food & Beverage",0
2013,"Food & Beverage",1100
2013,"Food & Beverage",0
2013,"Food & Beverage",0
2013,"Food & Beverage",0
2013,"Food & Beverage",0
2013,"Food & Beverage",800
2013,"Food & Beverage",0
2013,"Food & Beverage",0
2013,"Food & Beverage",0
2013,"Food & Beverage",0
2013,"Food & Beverage",0
2013,"Food & Beverage",0
2014,"Food & Beverage",0
2014,"Food & Beverage",0
2014,"Food & Beverage",0
2014,"Food & Beverage",0
2014,"Food & Beverage",0
2014,"Food & Beverage",0
2014,"Food & Beverage",800
2014,"Food & Beverage",0
2014,"Food & Beverage",0
2014,"Food & Beverage",0
2014,"Food & Beverage",0
2014,"Food & Beverage",800
2014,"Food & Beverage",0
2014,"Food & Beverage",1400
2014,"Food & Beverage",0
2014,"Food & Beverage",0
2014,"Food & Beverage",0
2014,"Food & Beverage",700
2014,"Food & Beverage",0
2014,"Food & Beverage",900
2014,"Food & Beverage",0
2014,"Food & Beverage",0
2014,"Food & Beverage",0
2014,"Food & Beverage",0
2014,"Food & Beverage",0
2014,"Food & Beverage",0
2014,"Food & Beverage",0
2014,"Food & Beverage",1400
2014,"Food & Beverage",0
2014,"Food & Beverage",0
2014,"Food & Beverage",0
2014,"Food & Beverage",800
2014,"Food & Beverage",0
2014,"Food & Beverage",0
2014,"Food & Beverage",0
2014,"Food & Beverage",0
2014,"Food & Beverage",0
2014,"Food & Beverage",800
2014,"Food & Beverage",0
2014,"Food & Beverage",0
2014,"Food & Beverage",0
2014,"Food & Beverage",0
2014,"Food & Beverage",1100
2014,"Food & Beverage",0
2014,"Food & Beverage",0
2014,"Food & Beverage",0
2014,"Food & Beverage",0
2014,"Food & Beverage",0
2014,"Food & Beverage",0
2014,"Food & Beverage",0
2014,"Food & Beverage",0
2014,"Food & Beverage",0
2014,"Food & Beverage",800
2014,"Food & Beverage",0
2014,"Food & Beverage",0
2014,"Food & Beverage",0
2014,"Food & Beverage",0
2014,"Food & Beverage",700
2014,"Food & Beverage",0
2014,"Food & Beverage",0
2015,"Food & Beverage",800
2015,"Food & Beverage",0
2015,"Food & Beverage",0
2015,"Food & Beverage",0
2015,"Food & Beverage",0
2015,"Food & Beverage",0
2015,"Food & Beverage",1200
2015,"Food & Beverage",0
2015,"Food & Beverage",0
2015,"Food & Beverage",0
2015,"Food & Beverage",0
2015,"Food & Beverage",1200
2015,"Food & Beverage",0
2015,"Food & Beverage",800
2015,"Food & Beverage",0
2015,"Food & Beverage",0
2015,"Food & Beverage",0
2015,"Food & Beverage",0
2015,"Food & Beverage",0
2015,"Food & Beverage",0
2015,"Food & Beverage",800
2015,"Food & Beverage",0
2015,"Food & Beverage",1300
2015,"Food & Beverage",0
2015,"Food & Beverage",0
2015,"Food & Beverage",0
2015,"Food & Beverage",0
2015,"Food & Beverage",0
2015,"Food & Beverage",0
2015,"Food & Beverage",800
2015,"Food & Beverage",0
2015,"Food & Beverage",1200
2015,"Food & Beverage",0
2015,"Food & Beverage",0
2015,"Food & Beverage",0
2015,"Food & Beverage",700
2015,"Food & Beverage",0
2015,"Food & Beverage",0
2015,"Food & Beverage",0
2015,"Food & Beverage",0
2015,"Food & Beverage",700
2015,"Food & Beverage",0
2015,"Food & Beverage",0
2015,"Food & Beverage",0
2015,"Food & Beverage",0
2015,"Food & Beverage",800
2015,"Food & Beverage",0
2015,"Food & Beverage",500
2015,"Food & Beverage",0
2015,"Food & Beverage",0
2015,"Food & Beverage",0
2015,"Food & Beverage",0
2015,"Food & Beverage",0
2015,"Food & Beverage",1300
2015,"Food & Beverage",0
2015,"Food & Beverage",0
2015,"Food & Beverage",0
2015,"Food & Beverage",0
2015,"Food & Beverage",0
2015,"Food & Beverage",0
2016,"Food & Beverage",0
2016,"Food & Beverage",0
2016,"Food & Beverage",0
2016,"Food & Beverage",0
2016,"Food & Beverage",1200
2016,"Food & Beverage",0
2016,"Food & Beverage",0
2016,"Food & Beverage",0
2016,"Food & Beverage",0
2016,"Food & Beverage",0
2016,"Food & Beverage",0
2016,"Food & Beverage",0
2016,"Food & Beverage",0
2016,"Food & Beverage",0
2016,"Food & Beverage",1200
2016,"Food & Beverage",0
2016,"Food & Beverage",1100
2016,"Food & Beverage",0
2016,"Food & Beverage",0
2016,"Food & Beverage",0
2016,"Food & Beverage",0
2016,"Food & Beverage",0
2016,"Food & Beverage",1100
2016,"Food & Beverage",0
2016,"Food & Beverage",0
2016,"Food & Beverage",0
2016,"Food & Beverage",0
2016,"Food & Beverage",0
2016,"Food & Beverage",700
2016,"Food & Beverage",0
2016,"Food & Beverage",0
2016,"Food & Beverage",0
2016,"Food & Beverage",0
2016,"Food & Beverage",0
2016,"Food & Beverage",800
2016,"Food & Beverage",0
2016,"Food & Beverage",900
2016,"Food & Beverage",0
2016,"Food & Beverage",0
2016,"Food & Beverage",0
2016,"Food & Beverage",0
2016,"Food & Beverage",0
2016,"Food & Beverage",800
2016,"Food & Beverage",0
2016,"Food & Beverage",0
2016,"Food & Beverage",0
2016,"Food & Beverage",0
2016,"Food & Beverage",0
2016,"Food & Beverage",0
2016,"Food & Beverage",0
2016,"Food & Beverage",0
2016,"Food & Beverage",1100
2016,"Food & Beverage",0
2016,"Food & Beverage",0
2016,"Food & Beverage",0
2016,"Food & Beverage",0
2016,"Food & Beverage",0
2016,"Food & Beverage",900
2016,"Food & Beverage",0
2016,"Food & Beverage",0
2017,"Food & Beverage",1200
2017,"Food & Beverage",0
2017,"Food & Beverage",0
2017,"Food & Beverage",1200
2017,"Food & Beverage",0
2017,"Food & Beverage",0
2017,"Food & Beverage",0
2017,"Food & Beverage",0
2017,"Food & Beverage",0
2017,"Food & Beverage",0
2017,"Food & Beverage",0
2017,"Food & Beverage",700
2017,"Food & Beverage",0
2017,"Food & Beverage",0
2017,"Food & Beverage",0
2017,"Food & Beverage",0
2017,"Food & Beverage",1300
2017,"Food & Beverage",0
2017,"Food & Beverage",0
2017,"Food & Beverage",0
2017,"Food & Beverage",700
2017,"Food & Beverage",0
2017,"Food & Beverage",0
2017,"Food & Beverage",0
2017,"Food & Beverage",0
2017,"Food & Beverage",700
2017,"Food & Beverage",0
2017,"Food & Beverage",0
2017,"Food & Beverage",0
2017,"Food & Beverage",0
2017,"Food & Beverage",700
2017,"Food & Beverage",0
2017,"Food & Beverage",0
2017,"Food & Beverage",0
2017,"Food & Beverage",0
2017,"Food & Beverage",700
2017,"Food & Beverage",0
2017,"Food & Beverage",0
2017,"Food & Beverage",0
2017,"Food & Beverage",0
2017,"Food & Beverage",700
2017,"Food & Beverage",0
2017,"Food & Beverage",0
2017,"Food & Beverage",0
2017,"Food & Beverage",0
2017,"Food & Beverage",800
2017,"Food & Beverage",0
2017,"Food & Beverage",0
2017,"Food & Beverage",0
2017,"Food & Beverage",0
2017,"Food & Beverage",700
2017,"Food & Beverage",0
2017,"Food & Beverage",0
2017,"Food & Beverage",0
2017,"Food & Beverage",1100
2017,"Food & Beverage",0
2017,"Food & Beverage",0
2017,"Food & Beverage",0
2017,"Food & Beverage",0
2017,"Food & Beverage",0
2018,"Food & Beverage",1400
2018,"Food & Beverage",0
2018,"Food & Beverage",0
2018,"Food & Beverage",0
2018,"Food & Beverage",0
2018,"Food & Beverage",700
2018,"Food & Beverage",0
2018,"Food & Beverage",0
2018,"Food & Beverage",0
2018,"Food & Beverage",0
2018,"Food & Beverage",700
2018,"Food & Beverage",0
2018,"Food & Beverage",0
2018,"Food & Beverage",0
2018,"Food & Beverage",0
2018,"Food & Beverage",700
2018,"Food & Beverage",0
2018,"Food & Beverage",0
2018,"Food & Beverage",0
2018,"Food & Beverage",0
2018,"Food & Beverage",0
2018,"Food & Beverage",0
2018,"Food & Beverage",600
2018,"Food & Beverage",0
2018,"Food & Beverage",0
2018,"Food & Beverage",0
2018,"Food & Beverage",0
2018,"Food & Beverage",0
2018,"Food & Beverage",0
2018,"Food & Beverage",700
2018,"Food & Beverage",0
2018,"Food & Beverage",0
2018,"Food & Beverage",0
2018,"Food & Beverage",0
2018,"Food & Beverage",0
2018,"Food & Beverage",0
2018,"Food & Beverage",0
2018,"Food & Beverage",0
2018,"Food & Beverage",0
2018,"Food & Beverage",700
2018,"Food & Beverage",0
2018,"Food & Beverage",0
2018,"Food & Beverage",0
2018,"Food & Beverage",0
2018,"Food & Beverage",1100
2018,"Food & Beverage",0
2018,"Food & Beverage",0
2018,"Food & Beverage",800
2018,"Food & Beverage",0
2018,"Food & Beverage",1700
2018,"Food & Beverage",0
2018,"Food & Beverage",0
2018,"Food & Beverage",0
2018,"Food & Beverage",0
2018,"Food & Beverage",0
2018,"Food & Beverage",700
2018,"Food & Beverage",0
2018,"Food & Beverage",0
2018,"Food & Beverage",0
2018,"Food & Beverage",0
2019,"Food & Beverage",1300
2019,"Food & Beverage",0
2019,"Food & Beverage",0
2019,"Food & Beverage",0
2019,"Food & Beverage",0
2019,"Food & Beverage",800
2019,"Food & Beverage",0
2019,"Food & Beverage",0
2019,"Food & Beverage",0
2019,"Food & Beverage",0
2019,"Food & Beverage",800
2019,"Food & Beverage",0
2019,"Food & Beverage",0
2019,"Food & Beverage",0
2019,"Food & Beverage",0
2019,"Food & Beverage",800
2019,"Food & Beverage",0
2019,"Food & Beverage",0
2019,"Food & Beverage",0
2019,"Food & Beverage",0
2019,"Food & Beverage",800
2019,"Food & Beverage",0
2019,"Food & Beverage",0
2019,"Food & Beverage",0
2019,"Food & Beverage",0
2019,"Food & Beverage",700
2019,"Food & Beverage",0
2019,"Food & Beverage",0
2019,"Food & Beverage",0
2019,"Food & Beverage",0
2019,"Food & Beverage",700
2019,"Food & Beverage",0
2019,"Food & Beverage",0
2019,"Food & Beverage",0
2019,"Food & Beverage",0
2019,"Food & Beverage",700
2019,"Food & Beverage",0
2019,"Food & Beverage",0
2019,"Food & Beverage",0
2019,"Food & Beverage",0
2019,"Food & Beverage",700
2019,"Food & Beverage",0
2019,"Food & Beverage",0
2019,"Food & Beverage",0
2019,"Food & Beverage",700
2019,"Food & Beverage",0
2019,"Food & Beverage",0
2019,"Food & Beverage",0
2019,"Food & Beverage",0
2019,"Food & Beverage",700
2019,"Food & Beverage",0
2019,"Food & Beverage",0
2019,"Food & Beverage",0
2019,"Food & Beverage",0
2019,"Food & Beverage",800
2019,"Food & Beverage",0
2019,"Food & Beverage",0
2019,"Food & Beverage",0
2019,"Food & Beverage",0
2019,"Food & Beverage",700
2020,"Food & Beverage",0
2020,"Food & Beverage",0
2020,"Food & Beverage",0
2020,"Food & Beverage",0
2020,"Food & Beverage",0
2020,"Food & Beverage",1300
2020,"Food & Beverage",0
2020,"Food & Beverage",0
2020,"Food & Beverage",0
2020,"Food & Beverage",0
2020,"Food & Beverage",0
2020,"Food & Beverage",0
2020,"Food & Beverage",600
2020,"Food & Beverage",0
2020,"Food & Beverage",700
2020,"Food & Beverage",100
2020,"Food & Beverage",0
2020,"Food & Beverage",0
2020,"Food & Beverage",0
2020,"Food & Beverage",0
2020,"Food & Beverage",700
2020,"Food & Beverage",0
2020,"Food & Beverage",0
2020,"Food & Beverage",700
2020,"Food & Beverage",0
2020,"Food & Beverage",0
2020,"Food & Beverage",0
2020,"Food & Beverage",0
2020,"Food & Beverage",0
2020,"Food & Beverage",0
2020,"Food & Beverage",700
2020,"Food & Beverage",0
2020,"Food & Beverage",0
2020,"Food & Beverage",900
2020,"Food & Beverage",0
2020,"Food & Beverage",0
2020,"Food & Beverage",0
2020,"Food & Beverage",0
2020,"Food & Beverage",0
2020,"Food & Beverage",0
2020,"Food & Beverage",0
2020,"Food & Beverage",0
2020,"Food & Beverage",600
2020,"Food & Beverage",0
2020,"Food & Beverage",700
2020,"Food & Beverage",0
2020,"Food & Beverage",0
2020,"Food & Beverage",0
2020,"Food & Beverage",0
2020,"Food & Beverage",0
2020,"Food & Beverage",0
2020,"Food & Beverage",900
2020,"Food & Beverage",0
2020,"Food & Beverage",0
2020,"Food & Beverage",0
2020,"Food & Beverage",0
2020,"Food & Beverage",1100
2020,"Food & Beverage",0
2020,"Food & Beverage",0
2020,"Food & Beverage",0
2021,"Food & Beverage",600
2021,"Food & Beverage",0
2021,"Food & Beverage",0
2021,"Food & Beverage",0
2021,"Food & Beverage",1300
2021,"Food & Beverage",0
2021,"Food & Beverage",0
2021,"Food & Beverage",0
2021,"Food & Beverage",0
2021,"Food & Beverage",0
2021,"Food & Beverage",900
2021,"Food & Beverage",0
2021,"Food & Beverage",700
2021,"Food & Beverage",0
2021,"Food & Beverage",0
2021,"Food & Beverage",0
2021,"Food & Beverage",0
2021,"Food & Beverage",0
2021,"Food & Beverage",0
2021,"Food & Beverage",0
2021,"Food & Beverage",0
2021,"Food & Beverage",0
2021,"Food & Beverage",0
2021,"Food & Beverage",1000
2021,"Food & Beverage",0
2021,"Food & Beverage",0
2021,"Food & Beverage",0
2021,"Food & Beverage",0
2021,"Food & Beverage",0
2021,"Food & Beverage",1000
2021,"Food & Beverage",0
2021,"Food & Beverage",0
2021,"Food & Beverage",0
2021,"Food & Beverage",0
2021,"Food & Beverage",0
2021,"Food & Beverage",900
2021,"Food & Beverage",0
2021,"Food & Beverage",0
2021,"Food & Beverage",1000
2021,"Food & Beverage",0
2021,"Food & Beverage",0
2021,"Food & Beverage",0
2021,"Food & Beverage",0
2021,"Food & Beverage",0
2021,"Food & Beverage",0
2021,"Food & Beverage",1100
2021,"Food & Beverage",0
2021,"Food & Beverage",1000
2021,"Food & Beverage",0
2021,"Food & Beverage",0
2021,"Food & Beverage",0
2021,"Food & Beverage",0
2021,"Food & Beverage",0
2021,"Food & Beverage",0
2021,"Food & Beverage",0
2021,"Food & Beverage",0
2021,"Food & Beverage",0
2021,"Food & Beverage",0
2021,"Food & Beverage",0
2021,"Food & Beverage",700
2022,"Food & Beverage",0
2022,"Food & Beverage",0
2022,"Food & Beverage",0
2022,"Food & Beverage",600
2022,"Food & Beverage",0
2022,"Food & Beverage",0
2022,"Food & Beverage",0
2022,"Food & Beverage",0
2022,"Food & Beverage",1000
2022,"Food & Beverage",0
2022,"Food & Beverage",0
2022,"Food & Beverage",0
2022,"Food & Beverage",0
2022,"Food & Beverage",500
2022,"Food & Beverage",0
2022,"Food & Beverage",0
2022,"Food & Beverage",0
2022,"Food & Beverage",0
2022,"Food & Beverage",0
2022,"Food & Beverage",0
2022,"Food & Beverage",0
2022,"Food & Beverage",0
2022,"Food & Beverage",0
2022,"Food & Beverage",700
2022,"Food & Beverage",0
2022,"Food & Beverage",0
2022,"Food & Beverage",0
2022,"Food & Beverage",0
2022,"Food & Beverage",700
2022,"Food & Beverage",0
2022,"Food & Beverage",0
2022,"Food & Beverage",0
2022,"Food & Beverage",0
2022,"Food & Beverage",0
2022,"Food & Beverage",800
2022,"Food & Beverage",0
2022,"Food & Beverage",0
2022,"Food & Beverage",0
2022,"Food & Beverage",0
2022,"Food & Beverage",1000
2022,"Food & Beverage",0
2022,"Food & Beverage",0
2022,"Food & Beverage",0
2022,"Food & Beverage",0
2022,"Food & Beverage",0
2022,"Food & Beverage",0
2022,"Food & Beverage",0
2022,"Food & Beverage",0
2022,"Food & Beverage",0
2022,"Food & Beverage",1200
2022,"Food & Beverage",0
2022,"Food & Beverage",0
2022,"Food & Beverage",0
2022,"Food & Beverage",0
2022,"Food & Beverage",0
2022,"Food & Beverage",0
2022,"Food & Beverage",0
2022,"Food & Beverage",700
2022,"Food & Beverage",0
2022,"Food & Beverage",0
2010,"Fuel & Gasoline",NULL
2010,"Fuel & Gasoline",0
2010,"Fuel & Gasoline",0
2010,"Fuel & Gasoline",0
2010,"Fuel & Gasoline",0
2010,"Fuel & Gasoline",1900
2010,"Fuel & Gasoline",0
2010,"Fuel & Gasoline",600
2010,"Fuel & Gasoline",0
2010,"Fuel & Gasoline",0
2010,"Fuel & Gasoline",1400
2010,"Fuel & Gasoline",0
2010,"Fuel & Gasoline",0
2010,"Fuel & Gasoline",1400
2010,"Fuel & Gasoline",0
2010,"Fuel & Gasoline",1400
2010,"Fuel & Gasoline",0
2010,"Fuel & Gasoline",0
2010,"Fuel & Gasoline",1800
2010,"Fuel & Gasoline",0
2010,"Fuel & Gasoline",0
2010,"Fuel & Gasoline",0
2010,"Fuel & Gasoline",0
2010,"Fuel & Gasoline",1000
2011,"Fuel & Gasoline",0
2011,"Fuel & Gasoline",0
2011,"Fuel & Gasoline",0
2011,"Fuel & Gasoline",0
2011,"Fuel & Gasoline",1900
2011,"Fuel & Gasoline",0
2011,"Fuel & Gasoline",0
2011,"Fuel & Gasoline",0
2011,"Fuel & Gasoline",0
2011,"Fuel & Gasoline",0
2011,"Fuel & Gasoline",0
2011,"Fuel & Gasoline",1000
2011,"Fuel & Gasoline",0
2011,"Fuel & Gasoline",0
2011,"Fuel & Gasoline",0
2011,"Fuel & Gasoline",1700
2011,"Fuel & Gasoline",0
2011,"Fuel & Gasoline",0
2011,"Fuel & Gasoline",0
2011,"Fuel & Gasoline",100
2011,"Fuel & Gasoline",0
2011,"Fuel & Gasoline",0
2011,"Fuel & Gasoline",0
2011,"Fuel & Gasoline",1900
2012,"Fuel & Gasoline",0
2012,"Fuel & Gasoline",0
2012,"Fuel & Gasoline",0
2012,"Fuel & Gasoline",0
2012,"Fuel & Gasoline",2000
2012,"Fuel & Gasoline",0
2012,"Fuel & Gasoline",0
2012,"Fuel & Gasoline",0
2012,"Fuel & Gasoline",1700
2012,"Fuel & Gasoline",0
2012,"Fuel & Gasoline",0
2012,"Fuel & Gasoline",0
2012,"Fuel & Gasoline",100
2012,"Fuel & Gasoline",0
2012,"Fuel & Gasoline",0
2012,"Fuel & Gasoline",900
2012,"Fuel & Gasoline",0
2012,"Fuel & Gasoline",1900
2012,"Fuel & Gasoline",0
2012,"Fuel & Gasoline",1700
2012,"Fuel & Gasoline",0
2012,"Fuel & Gasoline",0
2012,"Fuel & Gasoline",0
2012,"Fuel & Gasoline",0
2013,"Fuel & Gasoline",1400
2013,"Fuel & Gasoline",0
2013,"Fuel & Gasoline",0
2013,"Fuel & Gasoline",0
2013,"Fuel & Gasoline",0
2013,"Fuel & Gasoline",0
2013,"Fuel & Gasoline",1000
2013,"Fuel & Gasoline",0
2013,"Fuel & Gasoline",800
2013,"Fuel & Gasoline",0
2013,"Fuel & Gasoline",0
2013,"Fuel & Gasoline",0
2013,"Fuel & Gasoline",0
2013,"Fuel & Gasoline",0
2013,"Fuel & Gasoline",0
2013,"Fuel & Gasoline",2400
2013,"Fuel & Gasoline",0
2013,"Fuel & Gasoline",0
2013,"Fuel & Gasoline",2400
2013,"Fuel & Gasoline",0
2013,"Fuel & Gasoline",0
2013,"Fuel & Gasoline",0
2013,"Fuel & Gasoline",800
2013,"Fuel & Gasoline",0
2014,"Fuel & Gasoline",0
2014,"Fuel & Gasoline",0
2014,"Fuel & Gasoline",1200
2014,"Fuel & Gasoline",0
2014,"Fuel & Gasoline",1100
2014,"Fuel & Gasoline",0
2014,"Fuel & Gasoline",0
2014,"Fuel & Gasoline",0
2014,"Fuel & Gasoline",0
2014,"Fuel & Gasoline",0
2014,"Fuel & Gasoline",2200
2014,"Fuel & Gasoline",0
2014,"Fuel & Gasoline",0
2014,"Fuel & Gasoline",0
2014,"Fuel & Gasoline",0
2014,"Fuel & Gasoline",100
2014,"Fuel & Gasoline",600
2014,"Fuel & Gasoline",0
2014,"Fuel & Gasoline",600
2014,"Fuel & Gasoline",0
2014,"Fuel & Gasoline",0
2014,"Fuel & Gasoline",2300
2014,"Fuel & Gasoline",0
2014,"Fuel & Gasoline",2300
2015,"Fuel & Gasoline",0
2015,"Fuel & Gasoline",0
2015,"Fuel & Gasoline",0
2015,"Fuel & Gasoline",2400
2015,"Fuel & Gasoline",0
2015,"Fuel & Gasoline",0
2015,"Fuel & Gasoline",2400
2015,"Fuel & Gasoline",0
2015,"Fuel & Gasoline",2200
2015,"Fuel & Gasoline",0
2015,"Fuel & Gasoline",2000
2015,"Fuel & Gasoline",0
2015,"Fuel & Gasoline",1300
2015,"Fuel & Gasoline",0
2015,"Fuel & Gasoline",1300
2015,"Fuel & Gasoline",0
2015,"Fuel & Gasoline",0
2015,"Fuel & Gasoline",800
2015,"Fuel & Gasoline",0
2015,"Fuel & Gasoline",0
2015,"Fuel & Gasoline",0
2015,"Fuel & Gasoline",1500
2015,"Fuel & Gasoline",0
2015,"Fuel & Gasoline",0
2016,"Fuel & Gasoline",0
2016,"Fuel & Gasoline",1800
2016,"Fuel & Gasoline",0
2016,"Fuel & Gasoline",0
2016,"Fuel & Gasoline",0
2016,"Fuel & Gasoline",1500
2016,"Fuel & Gasoline",0
2016,"Fuel & Gasoline",0
2016,"Fuel & Gasoline",1000
2016,"Fuel & Gasoline",0
2016,"Fuel & Gasoline",0
2016,"Fuel & Gasoline",0
2016,"Fuel & Gasoline",1400
2016,"Fuel & Gasoline",0
2016,"Fuel & Gasoline",0
2016,"Fuel & Gasoline",1700
2016,"Fuel & Gasoline",0
2016,"Fuel & Gasoline",100
2016,"Fuel & Gasoline",900
2016,"Fuel & Gasoline",0
2016,"Fuel & Gasoline",0
2016,"Fuel & Gasoline",900
2016,"Fuel & Gasoline",0
2016,"Fuel & Gasoline",0
2017,"Fuel & Gasoline",0
2017,"Fuel & Gasoline",0
2017,"Fuel & Gasoline",900
2017,"Fuel & Gasoline",0
2017,"Fuel & Gasoline",0
2017,"Fuel & Gasoline",1000
2017,"Fuel & Gasoline",0
2017,"Fuel & Gasoline",1800
2017,"Fuel & Gasoline",0
2017,"Fuel & Gasoline",2000
2017,"Fuel & Gasoline",0
2017,"Fuel & Gasoline",2000
2017,"Fuel & Gasoline",0
2017,"Fuel & Gasoline",0
2017,"Fuel & Gasoline",0
2017,"Fuel & Gasoline",0
2017,"Fuel & Gasoline",2200
2017,"Fuel & Gasoline",0
2017,"Fuel & Gasoline",0
2017,"Fuel & Gasoline",800
2017,"Fuel & Gasoline",0
2017,"Fuel & Gasoline",2700
2017,"Fuel & Gasoline",0
2017,"Fuel & Gasoline",0
2018,"Fuel & Gasoline",0
2018,"Fuel & Gasoline",0
2018,"Fuel & Gasoline",0
2018,"Fuel & Gasoline",0
2018,"Fuel & Gasoline",1800
2018,"Fuel & Gasoline",0
2018,"Fuel & Gasoline",0
2018,"Fuel & Gasoline",1900
2018,"Fuel & Gasoline",0
2018,"Fuel & Gasoline",2400
2018,"Fuel & Gasoline",0
2018,"Fuel & Gasoline",0
2018,"Fuel & Gasoline",0
2018,"Fuel & Gasoline",0
2018,"Fuel & Gasoline",0
2018,"Fuel & Gasoline",0
2018,"Fuel & Gasoline",2300
2018,"Fuel & Gasoline",0
2018,"Fuel & Gasoline",0
2018,"Fuel & Gasoline",0
2018,"Fuel & Gasoline",1500
2018,"Fuel & Gasoline",0
2018,"Fuel & Gasoline",1900
2018,"Fuel & Gasoline",0
2019,"Fuel & Gasoline",1100
2019,"Fuel & Gasoline",0
2019,"Fuel & Gasoline",900
2019,"Fuel & Gasoline",0
2019,"Fuel & Gasoline",1100
2019,"Fuel & Gasoline",0
2019,"Fuel & Gasoline",1500
2019,"Fuel & Gasoline",0
2019,"Fuel & Gasoline",2000
2019,"Fuel & Gasoline",0
2019,"Fuel & Gasoline",2200
2019,"Fuel & Gasoline",0
2019,"Fuel & Gasoline",0
2019,"Fuel & Gasoline",2400
2019,"Fuel & Gasoline",0
2019,"Fuel & Gasoline",2000
2019,"Fuel & Gasoline",0
2019,"Fuel & Gasoline",1500
2019,"Fuel & Gasoline",0
2019,"Fuel & Gasoline",1000
2019,"Fuel & Gasoline",0
2019,"Fuel & Gasoline",700
2019,"Fuel & Gasoline",0
2019,"Fuel & Gasoline",600
2020,"Fuel & Gasoline",0
2020,"Fuel & Gasoline",1300
2020,"Fuel & Gasoline",0
2020,"Fuel & Gasoline",2100
2020,"Fuel & Gasoline",0
2020,"Fuel & Gasoline",1600
2020,"Fuel & Gasoline",0
2020,"Fuel & Gasoline",0
2020,"Fuel & Gasoline",0
2020,"Fuel & Gasoline",1100
2020,"Fuel & Gasoline",0
2020,"Fuel & Gasoline",100
2020,"Fuel & Gasoline",900
2020,"Fuel & Gasoline",0
2020,"Fuel & Gasoline",0
2020,"Fuel & Gasoline",0
2020,"Fuel & Gasoline",0
2020,"Fuel & Gasoline",0
2020,"Fuel & Gasoline",1300
2020,"Fuel & Gasoline",0
2020,"Fuel & Gasoline",0
2020,"Fuel & Gasoline",0
2020,"Fuel & Gasoline",800
2020,"Fuel & Gasoline",0
2021,"Fuel & Gasoline",3200
2021,"Fuel & Gasoline",0
2021,"Fuel & Gasoline",0
2021,"Fuel & Gasoline",0
2021,"Fuel & Gasoline",1700
2021,"Fuel & Gasoline",0
2021,"Fuel & Gasoline",0
2021,"Fuel & Gasoline",1700
2021,"Fuel & Gasoline",0
2021,"Fuel & Gasoline",0
2021,"Fuel & Gasoline",2400
2021,"Fuel & Gasoline",0
2021,"Fuel & Gasoline",2000
2021,"Fuel & Gasoline",0
2021,"Fuel & Gasoline",0
2021,"Fuel & Gasoline",0
2021,"Fuel & Gasoline",0
2021,"Fuel & Gasoline",2100
2021,"Fuel & Gasoline",0
2021,"Fuel & Gasoline",0
2021,"Fuel & Gasoline",0
2021,"Fuel & Gasoline",0
2021,"Fuel & Gasoline",0
2021,"Fuel & Gasoline",0
2022,"Fuel & Gasoline",1100
2022,"Fuel & Gasoline",0
2022,"Fuel & Gasoline",0
2022,"Fuel & Gasoline",1300
2022,"Fuel & Gasoline",0
2022,"Fuel & Gasoline",1800
2022,"Fuel & Gasoline",0
2022,"Fuel & Gasoline",0
2022,"Fuel & Gasoline",900
2022,"Fuel & Gasoline",0
2022,"Fuel & Gasoline",1400
2022,"Fuel & Gasoline",0
2022,"Fuel & Gasoline",0
2022,"Fuel & Gasoline",0
2022,"Fuel & Gasoline",2000
2022,"Fuel & Gasoline",0
2022,"Fuel & Gasoline",2400
2022,"Fuel & Gasoline",0
2022,"Fuel & Gasoline",0
2022,"Fuel & Gasoline",0
2022,"Fuel & Gasoline",0
2022,"Fuel & Gasoline",0
2022,"Fuel & Gasoline",900
2022,"Fuel & Gasoline",0
2010,"General Merchandise",NULL
2010,"General Merchandise",0
2010,"General Merchandise",1100
2010,"General Merchandise",0
2010,"General Merchandise",100
2010,"General Merchandise",0
2010,"General Merchandise",0
2010,"General Merchandise",100
2010,"General Merchandise",200
2010,"General Merchandise",0
2010,"General Merchandise",0
2010,"General Merchandise",700
2010,"General Merchandise",0
2010,"General Merchandise",0
2010,"General Merchandise",500
2010,"General Merchandise",0
2010,"General Merchandise",0
2010,"General Merchandise",0
2010,"General Merchandise",200
2010,"General Merchandise",200
2010,"General Merchandise",0
2010,"General Merchandise",0
2010,"General Merchandise",100
2010,"General Merchandise",0
2010,"General Merchandise",0
2010,"General Merchandise",800
2010,"General Merchandise",0
2010,"General Merchandise",0
2010,"General Merchandise",0
2010,"General Merchandise",0
2010,"General Merchandise",200
2010,"General Merchandise",0
2010,"General Merchandise",1000
2010,"General Merchandise",0
2010,"General Merchandise",0
2010,"General Merchandise",0
2010,"General Merchandise",0
2010,"General Merchandise",1000
2010,"General Merchandise",0
2010,"General Merchandise",0
2010,"General Merchandise",100
2010,"General Merchandise",0
2010,"General Merchandise",800
2010,"General Merchandise",0
2010,"General Merchandise",600
2010,"General Merchandise",0
2010,"General Merchandise",0
2010,"General Merchandise",0
2010,"General Merchandise",600
2010,"General Merchandise",0
2010,"General Merchandise",0
2010,"General Merchandise",0
2010,"General Merchandise",100
2010,"General Merchandise",200
2010,"General Merchandise",0
2010,"General Merchandise",900
2010,"General Merchandise",0
2010,"General Merchandise",0
2010,"General Merchandise",0
2010,"General Merchandise",0
2010,"General Merchandise",0
2010,"General Merchandise",200
2010,"General Merchandise",0
2010,"General Merchandise",0
2010,"General Merchandise",0
2010,"General Merchandise",800
2010,"General Merchandise",0
2010,"General Merchandise",700
2010,"General Merchandise",0
2010,"General Merchandise",0
2010,"General Merchandise",100
2010,"General Merchandise",200
2011,"General Merchandise",0
2011,"General Merchandise",200
2011,"General Merchandise",200
2011,"General Merchandise",0
2011,"General Merchandise",100
2011,"General Merchandise",0
2011,"General Merchandise",0
2011,"General Merchandise",100
2011,"General Merchandise",200
2011,"General Merchandise",0
2011,"General Merchandise",400
2011,"General Merchandise",0
2011,"General Merchandise",0
2011,"General Merchandise",0
2011,"General Merchandise",0
2011,"General Merchandise",800
2011,"General Merchandise",0
2011,"General Merchandise",0
2011,"General Merchandise",0
2011,"General Merchandise",700
2011,"General Merchandise",0
2011,"General Merchandise",0
2011,"General Merchandise",100
2011,"General Merchandise",200
2011,"General Merchandise",0
2011,"General Merchandise",0
2011,"General Merchandise",200
2011,"General Merchandise",0
2011,"General Merchandise",0
2011,"General Merchandise",0
2011,"General Merchandise",0
2011,"General Merchandise",100
2011,"General Merchandise",300
2011,"General Merchandise",0
2011,"General Merchandise",100
2011,"General Merchandise",300
2011,"General Merchandise",0
2011,"General Merchandise",0
2011,"General Merchandise",0
2011,"General Merchandise",0
2011,"General Merchandise",100
2011,"General Merchandise",0
2011,"General Merchandise",0
2011,"General Merchandise",100
2011,"General Merchandise",0
2011,"General Merchandise",0
2011,"General Merchandise",0
2011,"General Merchandise",700
2011,"General Merchandise",0
2011,"General Merchandise",0
2011,"General Merchandise",100
2011,"General Merchandise",100
2011,"General Merchandise",0
2011,"General Merchandise",0
2011,"General Merchandise",0
2011,"General Merchandise",0
2011,"General Merchandise",1300
2011,"General Merchandise",0
2011,"General Merchandise",200
2011,"General Merchandise",0
2011,"General Merchandise",700
2011,"General Merchandise",0
2011,"General Merchandise",0
2011,"General Merchandise",600
2011,"General Merchandise",0
2011,"General Merchandise",0
2011,"General Merchandise",800
2011,"General Merchandise",0
2011,"General Merchandise",300
2011,"General Merchandise",0
2011,"General Merchandise",0
2011,"General Merchandise",0
2012,"General Merchandise",0
2012,"General Merchandise",0
2012,"General Merchandise",0
2012,"General Merchandise",600
2012,"General Merchandise",0
2012,"General Merchandise",300
2012,"General Merchandise",0
2012,"General Merchandise",1000
2012,"General Merchandise",0
2012,"General Merchandise",0
2012,"General Merchandise",900
2012,"General Merchandise",0
2012,"General Merchandise",0
2012,"General Merchandise",0
2012,"General Merchandise",0
2012,"General Merchandise",0
2012,"General Merchandise",700
2012,"General Merchandise",0
2012,"General Merchandise",200
2012,"General Merchandise",0
2012,"General Merchandise",0
2012,"General Merchandise",400
2012,"General Merchandise",0
2012,"General Merchandise",0
2012,"General Merchandise",200
2012,"General Merchandise",0
2012,"General Merchandise",100
2012,"General Merchandise",0
2012,"General Merchandise",0
2012,"General Merchandise",600
2012,"General Merchandise",0
2012,"General Merchandise",600
2012,"General Merchandise",0
2012,"General Merchandise",0
2012,"General Merchandise",200
2012,"General Merchandise",0
2012,"General Merchandise",900
2012,"General Merchandise",0
2012,"General Merchandise",100
2012,"General Merchandise",0
2012,"General Merchandise",100
2012,"General Merchandise",0
2012,"General Merchandise",400
2012,"General Merchandise",0
2012,"General Merchandise",300
2012,"General Merchandise",0
2012,"General Merchandise",0
2012,"General Merchandise",0
2012,"General Merchandise",0
2012,"General Merchandise",0
2012,"General Merchandise",700
2012,"General Merchandise",0
2012,"General Merchandise",0
2012,"General Merchandise",300
2012,"General Merchandise",0
2012,"General Merchandise",800
2012,"General Merchandise",0
2012,"General Merchandise",0
2012,"General Merchandise",300
2012,"General Merchandise",0
2012,"General Merchandise",100
2012,"General Merchandise",0
2012,"General Merchandise",1000
2012,"General Merchandise",0
2012,"General Merchandise",300
2012,"General Merchandise",0
2012,"General Merchandise",0
2012,"General Merchandise",0
2012,"General Merchandise",0
2012,"General Merchandise",200
2012,"General Merchandise",0
2012,"General Merchandise",800
2013,"General Merchandise",0
2013,"General Merchandise",0
2013,"General Merchandise",0
2013,"General Merchandise",900
2013,"General Merchandise",0
2013,"General Merchandise",0
2013,"General Merchandise",700
2013,"General Merchandise",0
2013,"General Merchandise",0
2013,"General Merchandise",0
2013,"General Merchandise",0
2013,"General Merchandise",200
2013,"General Merchandise",0
2013,"General Merchandise",200
2013,"General Merchandise",0
2013,"General Merchandise",0
2013,"General Merchandise",0
2013,"General Merchandise",100
2013,"General Merchandise",200
2013,"General Merchandise",0
2013,"General Merchandise",700
2013,"General Merchandise",0
2013,"General Merchandise",0
2013,"General Merchandise",100
2013,"General Merchandise",300
2013,"General Merchandise",0
2013,"General Merchandise",0
2013,"General Merchandise",0
2013,"General Merchandise",100
2013,"General Merchandise",0
2013,"General Merchandise",100
2013,"General Merchandise",200
2013,"General Merchandise",0
2013,"General Merchandise",0
2013,"General Merchandise",0
2013,"General Merchandise",400
2013,"General Merchandise",100
2013,"General Merchandise",0
2013,"General Merchandise",0
2013,"General Merchandise",300
2013,"General Merchandise",0
2013,"General Merchandise",300
2013,"General Merchandise",0
2013,"General Merchandise",0
2013,"General Merchandise",0
2013,"General Merchandise",0
2013,"General Merchandise",0
2013,"General Merchandise",0
2013,"General Merchandise",1300
2013,"General Merchandise",0
2013,"General Merchandise",1300
2013,"General Merchandise",0
2013,"General Merchandise",200
2013,"General Merchandise",0
2013,"General Merchandise",200
2013,"General Merchandise",0
2013,"General Merchandise",0
2013,"General Merchandise",0
2013,"General Merchandise",1200
2013,"General Merchandise",0
2013,"General Merchandise",0
2013,"General Merchandise",0
2013,"General Merchandise",0
2013,"General Merchandise",300
2013,"General Merchandise",0
2013,"General Merchandise",300
2013,"General Merchandise",0
2013,"General Merchandise",600
2013,"General Merchandise",0
2013,"General Merchandise",0
2013,"General Merchandise",0
2013,"General Merchandise",0
2014,"General Merchandise",0
2014,"General Merchandise",0
2014,"General Merchandise",600
2014,"General Merchandise",0
2014,"General Merchandise",0
2014,"General Merchandise",100
2014,"General Merchandise",200
2014,"General Merchandise",0
2014,"General Merchandise",600
2014,"General Merchandise",0
2014,"General Merchandise",0
2014,"General Merchandise",100
2014,"General Merchandise",300
2014,"General Merchandise",0
2014,"General Merchandise",600
2014,"General Merchandise",0
2014,"General Merchandise",100
2014,"General Merchandise",300
2014,"General Merchandise",0
2014,"General Merchandise",0
2014,"General Merchandise",700
2014,"General Merchandise",0
2014,"General Merchandise",0
2014,"General Merchandise",200
2014,"General Merchandise",300
2014,"General Merchandise",0
2014,"General Merchandise",600
2014,"General Merchandise",0
2014,"General Merchandise",0
2014,"General Merchandise",200
2014,"General Merchandise",300
2014,"General Merchandise",0
2014,"General Merchandise",600
2014,"General Merchandise",0
2014,"General Merchandise",0
2014,"General Merchandise",100
2014,"General Merchandise",300
2014,"General Merchandise",0
2014,"General Merchandise",600
2014,"General Merchandise",0
2014,"General Merchandise",0
2014,"General Merchandise",100
2014,"General Merchandise",300
2014,"General Merchandise",0
2014,"General Merchandise",0
2014,"General Merchandise",600
2014,"General Merchandise",0
2014,"General Merchandise",0
2014,"General Merchandise",100
2014,"General Merchandise",300
2014,"General Merchandise",0
2014,"General Merchandise",600
2014,"General Merchandise",0
2014,"General Merchandise",0
2014,"General Merchandise",100
2014,"General Merchandise",300
2014,"General Merchandise",0
2014,"General Merchandise",600
2014,"General Merchandise",0
2014,"General Merchandise",0
2014,"General Merchandise",100
2014,"General Merchandise",300
2014,"General Merchandise",0
2014,"General Merchandise",700
2014,"General Merchandise",0
2014,"General Merchandise",0
2014,"General Merchandise",200
2014,"General Merchandise",300
2014,"General Merchandise",0
2014,"General Merchandise",0
2014,"General Merchandise",100
2014,"General Merchandise",200
2015,"General Merchandise",0
2015,"General Merchandise",0
2015,"General Merchandise",300
2015,"General Merchandise",0
2015,"General Merchandise",0
2015,"General Merchandise",0
2015,"General Merchandise",0
2015,"General Merchandise",600
2015,"General Merchandise",0
2015,"General Merchandise",0
2015,"General Merchandise",100
2015,"General Merchandise",300
2015,"General Merchandise",0
2015,"General Merchandise",0
2015,"General Merchandise",100
2015,"General Merchandise",300
2015,"General Merchandise",0
2015,"General Merchandise",0
2015,"General Merchandise",0
2015,"General Merchandise",0
2015,"General Merchandise",400
2015,"General Merchandise",0
2015,"General Merchandise",900
2015,"General Merchandise",0
2015,"General Merchandise",0
2015,"General Merchandise",0
2015,"General Merchandise",0
2015,"General Merchandise",0
2015,"General Merchandise",600
2015,"General Merchandise",0
2015,"General Merchandise",0
2015,"General Merchandise",100
2015,"General Merchandise",200
2015,"General Merchandise",0
2015,"General Merchandise",0
2015,"General Merchandise",100
2015,"General Merchandise",0
2015,"General Merchandise",700
2015,"General Merchandise",0
2015,"General Merchandise",0
2015,"General Merchandise",0
2015,"General Merchandise",0
2015,"General Merchandise",600
2015,"General Merchandise",0
2015,"General Merchandise",0
2015,"General Merchandise",0
2015,"General Merchandise",100
2015,"General Merchandise",300
2015,"General Merchandise",0
2015,"General Merchandise",0
2015,"General Merchandise",300
2015,"General Merchandise",0
2015,"General Merchandise",0
2015,"General Merchandise",0
2015,"General Merchandise",100
2015,"General Merchandise",200
2015,"General Merchandise",0
2015,"General Merchandise",0
2015,"General Merchandise",0
2015,"General Merchandise",100
2015,"General Merchandise",200
2015,"General Merchandise",0
2015,"General Merchandise",0
2015,"General Merchandise",100
2015,"General Merchandise",300
2015,"General Merchandise",0
2015,"General Merchandise",100
2015,"General Merchandise",300
2015,"General Merchandise",0
2015,"General Merchandise",900
2015,"General Merchandise",0
2015,"General Merchandise",0
2016,"General Merchandise",1100
2016,"General Merchandise",0
2016,"General Merchandise",0
2016,"General Merchandise",0
2016,"General Merchandise",0
2016,"General Merchandise",100
2016,"General Merchandise",0
2016,"General Merchandise",0
2016,"General Merchandise",0
2016,"General Merchandise",0
2016,"General Merchandise",700
2016,"General Merchandise",0
2016,"General Merchandise",0
2016,"General Merchandise",400
2016,"General Merchandise",0
2016,"General Merchandise",0
2016,"General Merchandise",0
2016,"General Merchandise",100
2016,"General Merchandise",300
2016,"General Merchandise",0
2016,"General Merchandise",100
2016,"General Merchandise",400
2016,"General Merchandise",0
2016,"General Merchandise",100
2016,"General Merchandise",100
2016,"General Merchandise",0
2016,"General Merchandise",0
2016,"General Merchandise",0
2016,"General Merchandise",0
2016,"General Merchandise",100
2016,"General Merchandise",0
2016,"General Merchandise",900
2016,"General Merchandise",0
2016,"General Merchandise",0
2016,"General Merchandise",300
2016,"General Merchandise",0
2016,"General Merchandise",1200
2016,"General Merchandise",0
2016,"General Merchandise",0
2016,"General Merchandise",0
2016,"General Merchandise",0
2016,"General Merchandise",100
2016,"General Merchandise",400
2016,"General Merchandise",0
2016,"General Merchandise",0
2016,"General Merchandise",400
2016,"General Merchandise",0
2016,"General Merchandise",0
2016,"General Merchandise",0
2016,"General Merchandise",700
2016,"General Merchandise",0
2016,"General Merchandise",0
2016,"General Merchandise",0
2016,"General Merchandise",100
2016,"General Merchandise",300
2016,"General Merchandise",0
2016,"General Merchandise",0
2016,"General Merchandise",400
2016,"General Merchandise",0
2016,"General Merchandise",800
2016,"General Merchandise",0
2016,"General Merchandise",900
2016,"General Merchandise",0
2016,"General Merchandise",0
2016,"General Merchandise",0
2016,"General Merchandise",600
2016,"General Merchandise",0
2016,"General Merchandise",0
2016,"General Merchandise",0
2016,"General Merchandise",200
2016,"General Merchandise",0
2016,"General Merchandise",0
2017,"General Merchandise",0
2017,"General Merchandise",0
2017,"General Merchandise",400
2017,"General Merchandise",0
2017,"General Merchandise",500
2017,"General Merchandise",0
2017,"General Merchandise",0
2017,"General Merchandise",100
2017,"General Merchandise",300
2017,"General Merchandise",0
2017,"General Merchandise",0
2017,"General Merchandise",0
2017,"General Merchandise",100
2017,"General Merchandise",400
2017,"General Merchandise",0
2017,"General Merchandise",0
2017,"General Merchandise",600
2017,"General Merchandise",0
2017,"General Merchandise",0
2017,"General Merchandise",200
2017,"General Merchandise",400
2017,"General Merchandise",0
2017,"General Merchandise",0
2017,"General Merchandise",0
2017,"General Merchandise",0
2017,"General Merchandise",400
2017,"General Merchandise",0
2017,"General Merchandise",800
2017,"General Merchandise",0
2017,"General Merchandise",0
2017,"General Merchandise",100
2017,"General Merchandise",400
2017,"General Merchandise",0
2017,"General Merchandise",700
2017,"General Merchandise",0
2017,"General Merchandise",0
2017,"General Merchandise",100
2017,"General Merchandise",400
2017,"General Merchandise",0
2017,"General Merchandise",800
2017,"General Merchandise",0
2017,"General Merchandise",0
2017,"General Merchandise",100
2017,"General Merchandise",400
2017,"General Merchandise",0
2017,"General Merchandise",0
2017,"General Merchandise",600
2017,"General Merchandise",0
2017,"General Merchandise",300
2017,"General Merchandise",0
2017,"General Merchandise",0
2017,"General Merchandise",100
2017,"General Merchandise",400
2017,"General Merchandise",0
2017,"General Merchandise",0
2017,"General Merchandise",100
2017,"General Merchandise",200
2017,"General Merchandise",0
2017,"General Merchandise",600
2017,"General Merchandise",0
2017,"General Merchandise",0
2017,"General Merchandise",200
2017,"General Merchandise",200
2017,"General Merchandise",0
2017,"General Merchandise",0
2017,"General Merchandise",100
2017,"General Merchandise",400
2017,"General Merchandise",0
2017,"General Merchandise",0
2017,"General Merchandise",0
2017,"General Merchandise",900
2017,"General Merchandise",0
2018,"General Merchandise",200
2018,"General Merchandise",0
2018,"General Merchandise",0
2018,"General Merchandise",0
2018,"General Merchandise",0
2018,"General Merchandise",100
2018,"General Merchandise",900
2018,"General Merchandise",0
2018,"General Merchandise",0
2018,"General Merchandise",0
2018,"General Merchandise",300
2018,"General Merchandise",0
2018,"General Merchandise",0
2018,"General Merchandise",2000
2018,"General Merchandise",0
2018,"General Merchandise",0
2018,"General Merchandise",0
2018,"General Merchandise",200
2018,"General Merchandise",0
2018,"General Merchandise",0
2018,"General Merchandise",0
2018,"General Merchandise",600
2018,"General Merchandise",0
2018,"General Merchandise",200
2018,"General Merchandise",400
2018,"General Merchandise",0
2018,"General Merchandise",0
2018,"General Merchandise",200
2018,"General Merchandise",400
2018,"General Merchandise",0
2018,"General Merchandise",0
2018,"General Merchandise",100
2018,"General Merchandise",0
2018,"General Merchandise",0
2018,"General Merchandise",0
2018,"General Merchandise",100
2018,"General Merchandise",500
2018,"General Merchandise",0
2018,"General Merchandise",0
2018,"General Merchandise",0
2018,"General Merchandise",0
2018,"General Merchandise",0
2018,"General Merchandise",0
2018,"General Merchandise",200
2018,"General Merchandise",0
2018,"General Merchandise",0
2018,"General Merchandise",0
2018,"General Merchandise",0
2018,"General Merchandise",0
2018,"General Merchandise",100
2018,"General Merchandise",100
2018,"General Merchandise",0
2018,"General Merchandise",0
2018,"General Merchandise",0
2018,"General Merchandise",0
2018,"General Merchandise",100
2018,"General Merchandise",600
2018,"General Merchandise",0
2018,"General Merchandise",0
2018,"General Merchandise",600
2018,"General Merchandise",0
2018,"General Merchandise",0
2018,"General Merchandise",0
2018,"General Merchandise",300
2018,"General Merchandise",0
2018,"General Merchandise",1200
2018,"General Merchandise",0
2018,"General Merchandise",0
2018,"General Merchandise",500
2018,"General Merchandise",0
2018,"General Merchandise",0
2018,"General Merchandise",0
2019,"General Merchandise",0
2019,"General Merchandise",0
2019,"General Merchandise",600
2019,"General Merchandise",0
2019,"General Merchandise",0
2019,"General Merchandise",100
2019,"General Merchandise",1000
2019,"General Merchandise",0
2019,"General Merchandise",100
2019,"General Merchandise",0
2019,"General Merchandise",0
2019,"General Merchandise",0
2019,"General Merchandise",100
2019,"General Merchandise",0
2019,"General Merchandise",300
2019,"General Merchandise",0
2019,"General Merchandise",400
2019,"General Merchandise",0
2019,"General Merchandise",500
2019,"General Merchandise",0
2019,"General Merchandise",0
2019,"General Merchandise",1300
2019,"General Merchandise",0
2019,"General Merchandise",0
2019,"General Merchandise",0
2019,"General Merchandise",200
2019,"General Merchandise",400
2019,"General Merchandise",0
2019,"General Merchandise",0
2019,"General Merchandise",0
2019,"General Merchandise",0
2019,"General Merchandise",100
2019,"General Merchandise",0
2019,"General Merchandise",0
2019,"General Merchandise",0
2019,"General Merchandise",400
2019,"General Merchandise",0
2019,"General Merchandise",0
2019,"General Merchandise",0
2019,"General Merchandise",100
2019,"General Merchandise",500
2019,"General Merchandise",0
2019,"General Merchandise",0
2019,"General Merchandise",0
2019,"General Merchandise",0
2019,"General Merchandise",1300
2019,"General Merchandise",0
2019,"General Merchandise",400
2019,"General Merchandise",0
2019,"General Merchandise",0
2019,"General Merchandise",700
2019,"General Merchandise",0
2019,"General Merchandise",900
2019,"General Merchandise",0
2019,"General Merchandise",0
2019,"General Merchandise",100
2019,"General Merchandise",500
2019,"General Merchandise",0
2019,"General Merchandise",500
2019,"General Merchandise",0
2019,"General Merchandise",0
2019,"General Merchandise",300
2019,"General Merchandise",400
2019,"General Merchandise",0
2019,"General Merchandise",0
2019,"General Merchandise",300
2019,"General Merchandise",0
2019,"General Merchandise",100
2019,"General Merchandise",0
2019,"General Merchandise",100
2019,"General Merchandise",500
2019,"General Merchandise",0
2020,"General Merchandise",100
2020,"General Merchandise",0
2020,"General Merchandise",0
2020,"General Merchandise",400
2020,"General Merchandise",500
2020,"General Merchandise",0
2020,"General Merchandise",9400
2020,"General Merchandise",700
2020,"General Merchandise",600
2020,"General Merchandise",0
2020,"General Merchandise",0
2020,"General Merchandise",4700
2020,"General Merchandise",0
2020,"General Merchandise",4600
2020,"General Merchandise",0
2020,"General Merchandise",2600
2020,"General Merchandise",0
2020,"General Merchandise",0
2020,"General Merchandise",0
2020,"General Merchandise",0
2020,"General Merchandise",900
2020,"General Merchandise",0
2020,"General Merchandise",0
2020,"General Merchandise",2600
2020,"General Merchandise",0
2020,"General Merchandise",600
2020,"General Merchandise",0
2020,"General Merchandise",0
2020,"General Merchandise",0
2020,"General Merchandise",300
2020,"General Merchandise",500
2020,"General Merchandise",0
2020,"General Merchandise",0
2020,"General Merchandise",0
2020,"General Merchandise",200
2020,"General Merchandise",0
2020,"General Merchandise",500
2020,"General Merchandise",0
2020,"General Merchandise",0
2020,"General Merchandise",0
2020,"General Merchandise",600
2020,"General Merchandise",0
2020,"General Merchandise",0
2020,"General Merchandise",0
2020,"General Merchandise",0
2020,"General Merchandise",0
2020,"General Merchandise",0
2020,"General Merchandise",400
2020,"General Merchandise",0
2020,"General Merchandise",0
2020,"General Merchandise",0
2020,"General Merchandise",500
2020,"General Merchandise",0
2020,"General Merchandise",0
2020,"General Merchandise",0
2020,"General Merchandise",0
2020,"General Merchandise",100
2020,"General Merchandise",0
2020,"General Merchandise",500
2020,"General Merchandise",0
2020,"General Merchandise",0
2020,"General Merchandise",0
2020,"General Merchandise",500
2020,"General Merchandise",0
2020,"General Merchandise",200
2020,"General Merchandise",0
2020,"General Merchandise",500
2020,"General Merchandise",0
2020,"General Merchandise",500
2020,"General Merchandise",0
2020,"General Merchandise",0
2020,"General Merchandise",700
2021,"General Merchandise",0
2021,"General Merchandise",200
2021,"General Merchandise",600
2021,"General Merchandise",0
2021,"General Merchandise",700
2021,"General Merchandise",0
2021,"General Merchandise",0
2021,"General Merchandise",2200
2021,"General Merchandise",0
2021,"General Merchandise",0
2021,"General Merchandise",500
2021,"General Merchandise",0
2021,"General Merchandise",500
2021,"General Merchandise",0
2021,"General Merchandise",600
2021,"General Merchandise",0
2021,"General Merchandise",0
2021,"General Merchandise",200
2021,"General Merchandise",600
2021,"General Merchandise",0
2021,"General Merchandise",900
2021,"General Merchandise",0
2021,"General Merchandise",0
2021,"General Merchandise",200
2021,"General Merchandise",500
2021,"General Merchandise",0
2021,"General Merchandise",0
2021,"General Merchandise",500
2021,"General Merchandise",0
2021,"General Merchandise",0
2021,"General Merchandise",300
2021,"General Merchandise",500
2021,"General Merchandise",0
2021,"General Merchandise",0
2021,"General Merchandise",0
2021,"General Merchandise",200
2021,"General Merchandise",500
2021,"General Merchandise",0
2021,"General Merchandise",700
2021,"General Merchandise",0
2021,"General Merchandise",0
2021,"General Merchandise",0
2021,"General Merchandise",200
2021,"General Merchandise",500
2021,"General Merchandise",0
2021,"General Merchandise",0
2021,"General Merchandise",0
2021,"General Merchandise",200
2021,"General Merchandise",500
2021,"General Merchandise",0
2021,"General Merchandise",0
2021,"General Merchandise",500
2021,"General Merchandise",0
2021,"General Merchandise",0
2021,"General Merchandise",300
2021,"General Merchandise",500
2021,"General Merchandise",0
2021,"General Merchandise",500
2021,"General Merchandise",0
2021,"General Merchandise",0
2021,"General Merchandise",200
2021,"General Merchandise",500
2021,"General Merchandise",0
2021,"General Merchandise",0
2021,"General Merchandise",100
2021,"General Merchandise",400
2021,"General Merchandise",0
2021,"General Merchandise",600
2021,"General Merchandise",0
2021,"General Merchandise",400
2021,"General Merchandise",600
2021,"General Merchandise",0
2022,"General Merchandise",0
2022,"General Merchandise",0
2022,"General Merchandise",400
2022,"General Merchandise",0
2022,"General Merchandise",0
2022,"General Merchandise",0
2022,"General Merchandise",500
2022,"General Merchandise",0
2022,"General Merchandise",700
2022,"General Merchandise",0
2022,"General Merchandise",100
2022,"General Merchandise",0
2022,"General Merchandise",500
2022,"General Merchandise",0
2022,"General Merchandise",0
2022,"General Merchandise",0
2022,"General Merchandise",100
2022,"General Merchandise",500
2022,"General Merchandise",0
2022,"General Merchandise",600
2022,"General Merchandise",0
2022,"General Merchandise",0
2022,"General Merchandise",0
2022,"General Merchandise",300
2022,"General Merchandise",600
2022,"General Merchandise",0
2022,"General Merchandise",0
2022,"General Merchandise",0
2022,"General Merchandise",0
2022,"General Merchandise",600
2022,"General Merchandise",0
2022,"General Merchandise",0
2022,"General Merchandise",400
2022,"General Merchandise",0
2022,"General Merchandise",0
2022,"General Merchandise",300
2022,"General Merchandise",400
2022,"General Merchandise",0
2022,"General Merchandise",0
2022,"General Merchandise",0
2022,"General Merchandise",200
2022,"General Merchandise",500
2022,"General Merchandise",0
2022,"General Merchandise",0
2022,"General Merchandise",300
2022,"General Merchandise",500
2022,"General Merchandise",0
2022,"General Merchandise",0
2022,"General Merchandise",2300
2022,"General Merchandise",0
2022,"General Merchandise",0
2022,"General Merchandise",300
2022,"General Merchandise",0
2022,"General Merchandise",0
2022,"General Merchandise",0
2022,"General Merchandise",400
2022,"General Merchandise",0
2022,"General Merchandise",0
2022,"General Merchandise",1900
2022,"General Merchandise",0
2022,"General Merchandise",0
2022,"General Merchandise",900
2022,"General Merchandise",0
2022,"General Merchandise",0
2022,"General Merchandise",0
2022,"General Merchandise",0
2022,"General Merchandise",100
2022,"General Merchandise",600
2022,"General Merchandise",0
2022,"General Merchandise",0
2022,"General Merchandise",0
2022,"General Merchandise",0
2010,"Health & Personal Care",NULL
2010,"Health & Personal Care",0
2010,"Health & Personal Care",0
2010,"Health & Personal Care",0
2010,"Health & Personal Care",0
2010,"Health & Personal Care",0
2010,"Health & Personal Care",0
2010,"Health & Personal Care",0
2010,"Health & Personal Care",0
2010,"Health & Personal Care",0
2010,"Health & Personal Care",0
2010,"Health & Personal Care",0
2010,"Health & Personal Care",0
2010,"Health & Personal Care",0
2010,"Health & Personal Care",0
2010,"Health & Personal Care",0
2010,"Health & Personal Care",0
2010,"Health & Personal Care",0
2010,"Health & Personal Care",0
2010,"Health & Personal Care",0
2010,"Health & Personal Care",0
2010,"Health & Personal Care",0
2010,"Health & Personal Care",0
2010,"Health & Personal Care",0
2011,"Health & Personal Care",0
2011,"Health & Personal Care",0
2011,"Health & Personal Care",0
2011,"Health & Personal Care",0
2011,"Health & Personal Care",0
2011,"Health & Personal Care",0
2011,"Health & Personal Care",0
2011,"Health & Personal Care",0
2011,"Health & Personal Care",0
2011,"Health & Personal Care",0
2011,"Health & Personal Care",0
2011,"Health & Personal Care",0
2011,"Health & Personal Care",0
2011,"Health & Personal Care",0
2011,"Health & Personal Care",0
2011,"Health & Personal Care",0
2011,"Health & Personal Care",0
2011,"Health & Personal Care",0
2011,"Health & Personal Care",0
2011,"Health & Personal Care",0
2011,"Health & Personal Care",0
2011,"Health & Personal Care",0
2011,"Health & Personal Care",0
2011,"Health & Personal Care",0
2012,"Health & Personal Care",0
2012,"Health & Personal Care",0
2012,"Health & Personal Care",0
2012,"Health & Personal Care",0
2012,"Health & Personal Care",0
2012,"Health & Personal Care",0
2012,"Health & Personal Care",0
2012,"Health & Personal Care",0
2012,"Health & Personal Care",0
2012,"Health & Personal Care",0
2012,"Health & Personal Care",0
2012,"Health & Personal Care",0
2012,"Health & Personal Care",0
2012,"Health & Personal Care",0
2012,"Health & Personal Care",0
2012,"Health & Personal Care",0
2012,"Health & Personal Care",0
2012,"Health & Personal Care",0
2012,"Health & Personal Care",0
2012,"Health & Personal Care",0
2012,"Health & Personal Care",0
2012,"Health & Personal Care",0
2012,"Health & Personal Care",0
2012,"Health & Personal Care",0
2013,"Health & Personal Care",0
2013,"Health & Personal Care",0
2013,"Health & Personal Care",0
2013,"Health & Personal Care",0
2013,"Health & Personal Care",0
2013,"Health & Personal Care",0
2013,"Health & Personal Care",0
2013,"Health & Personal Care",0
2013,"Health & Personal Care",0
2013,"Health & Personal Care",0
2013,"Health & Personal Care",0
2013,"Health & Personal Care",0
2013,"Health & Personal Care",0
2013,"Health & Personal Care",0
2013,"Health & Personal Care",0
2013,"Health & Personal Care",0
2013,"Health & Personal Care",0
2013,"Health & Personal Care",0
2013,"Health & Personal Care",0
2013,"Health & Personal Care",0
2013,"Health & Personal Care",0
2013,"Health & Personal Care",0
2013,"Health & Personal Care",0
2013,"Health & Personal Care",0
2014,"Health & Personal Care",0
2014,"Health & Personal Care",0
2014,"Health & Personal Care",0
2014,"Health & Personal Care",0
2014,"Health & Personal Care",0
2014,"Health & Personal Care",0
2014,"Health & Personal Care",0
2014,"Health & Personal Care",0
2014,"Health & Personal Care",0
2014,"Health & Personal Care",0
2014,"Health & Personal Care",0
2014,"Health & Personal Care",0
2014,"Health & Personal Care",0
2014,"Health & Personal Care",0
2014,"Health & Personal Care",0
2014,"Health & Personal Care",0
2014,"Health & Personal Care",0
2014,"Health & Personal Care",0
2014,"Health & Personal Care",0
2014,"Health & Personal Care",0
2014,"Health & Personal Care",0
2014,"Health & Personal Care",0
2014,"Health & Personal Care",0
2014,"Health & Personal Care",0
2015,"Health & Personal Care",0
2015,"Health & Personal Care",0
2015,"Health & Personal Care",0
2015,"Health & Personal Care",0
2015,"Health & Personal Care",0
2015,"Health & Personal Care",0
2015,"Health & Personal Care",0
2015,"Health & Personal Care",0
2015,"Health & Personal Care",0
2015,"Health & Personal Care",0
2015,"Health & Personal Care",0
2015,"Health & Personal Care",0
2015,"Health & Personal Care",0
2015,"Health & Personal Care",0
2015,"Health & Personal Care",0
2015,"Health & Personal Care",0
2015,"Health & Personal Care",0
2015,"Health & Personal Care",0
2015,"Health & Personal Care",0
2015,"Health & Personal Care",0
2015,"Health & Personal Care",0
2015,"Health & Personal Care",0
2015,"Health & Personal Care",0
2015,"Health & Personal Care",0
2016,"Health & Personal Care",0
2016,"Health & Personal Care",0
2016,"Health & Personal Care",0
2016,"Health & Personal Care",0
2016,"Health & Personal Care",0
2016,"Health & Personal Care",0
2016,"Health & Personal Care",0
2016,"Health & Personal Care",0
2016,"Health & Personal Care",0
2016,"Health & Personal Care",0
2016,"Health & Personal Care",0
2016,"Health & Personal Care",0
2016,"Health & Personal Care",0
2016,"Health & Personal Care",0
2016,"Health & Personal Care",0
2016,"Health & Personal Care",0
2016,"Health & Personal Care",0
2016,"Health & Personal Care",0
2016,"Health & Personal Care",0
2016,"Health & Personal Care",0
2016,"Health & Personal Care",0
2016,"Health & Personal Care",0
2016,"Health & Personal Care",0
2016,"Health & Personal Care",0
2017,"Health & Personal Care",0
2017,"Health & Personal Care",0
2017,"Health & Personal Care",0
2017,"Health & Personal Care",0
2017,"Health & Personal Care",0
2017,"Health & Personal Care",0
2017,"Health & Personal Care",0
2017,"Health & Personal Care",0
2017,"Health & Personal Care",0
2017,"Health & Personal Care",0
2017,"Health & Personal Care",0
2017,"Health & Personal Care",0
2017,"Health & Personal Care",0
2017,"Health & Personal Care",0
2017,"Health & Personal Care",0
2017,"Health & Personal Care",0
2017,"Health & Personal Care",0
2017,"Health & Personal Care",0
2017,"Health & Personal Care",0
2017,"Health & Personal Care",0
2017,"Health & Personal Care",0
2017,"Health & Personal Care",0
2017,"Health & Personal Care",0
2017,"Health & Personal Care",0
2018,"Health & Personal Care",0
2018,"Health & Personal Care",0
2018,"Health & Personal Care",0
2018,"Health & Personal Care",0
2018,"Health & Personal Care",0
2018,"Health & Personal Care",0
2018,"Health & Personal Care",0
2018,"Health & Personal Care",0
2018,"Health & Personal Care",0
2018,"Health & Personal Care",0
2018,"Health & Personal Care",0
2018,"Health & Personal Care",0
2018,"Health & Personal Care",0
2018,"Health & Personal Care",0
2018,"Health & Personal Care",0
2018,"Health & Personal Care",0
2018,"Health & Personal Care",0
2018,"Health & Personal Care",0
2018,"Health & Personal Care",0
2018,"Health & Personal Care",0
2018,"Health & Personal Care",0
2018,"Health & Personal Care",0
2018,"Health & Personal Care",0
2018,"Health & Personal Care",0
2019,"Health & Personal Care",0
2019,"Health & Personal Care",0
2019,"Health & Personal Care",0
2019,"Health & Personal Care",0
2019,"Health & Personal Care",0
2019,"Health & Personal Care",0
2019,"Health & Personal Care",0
2019,"Health & Personal Care",0
2019,"Health & Personal Care",0
2019,"Health & Personal Care",0
2019,"Health & Personal Care",0
2019,"Health & Personal Care",0
2019,"Health & Personal Care",0
2019,"Health & Personal Care",0
2019,"Health & Personal Care",0
2019,"Health & Personal Care",0
2019,"Health & Personal Care",0
2019,"Health & Personal Care",0
2019,"Health & Personal Care",0
2019,"Health & Personal Care",0
2019,"Health & Personal Care",0
2019,"Health & Personal Care",0
2019,"Health & Personal Care",0
2019,"Health & Personal Care",0
2020,"Health & Personal Care",0
2020,"Health & Personal Care",0
2020,"Health & Personal Care",0
2020,"Health & Personal Care",0
2020,"Health & Personal Care",0
2020,"Health & Personal Care",0
2020,"Health & Personal Care",0
2020,"Health & Personal Care",0
2020,"Health & Personal Care",0
2020,"Health & Personal Care",0
2020,"Health & Personal Care",0
2020,"Health & Personal Care",0
2020,"Health & Personal Care",0
2020,"Health & Personal Care",0
2020,"Health & Personal Care",0
2020,"Health & Personal Care",0
2020,"Health & Personal Care",0
2020,"Health & Personal Care",0
2020,"Health & Personal Care",0
2020,"Health & Personal Care",0
2020,"Health & Personal Care",0
2020,"Health & Personal Care",0
2020,"Health & Personal Care",0
2020,"Health & Personal Care",0
2021,"Health & Personal Care",0
2021,"Health & Personal Care",0
2021,"Health & Personal Care",0
2021,"Health & Personal Care",0
2021,"Health & Personal Care",0
2021,"Health & Personal Care",0
2021,"Health & Personal Care",0
2021,"Health & Personal Care",0
2021,"Health & Personal Care",0
2021,"Health & Personal Care",0
2021,"Health & Personal Care",0
2021,"Health & Personal Care",0
2021,"Health & Personal Care",0
2021,"Health & Personal Care",0
2021,"Health & Personal Care",0
2021,"Health & Personal Care",0
2021,"Health & Personal Care",0
2021,"Health & Personal Care",0
2021,"Health & Personal Care",0
2021,"Health & Personal Care",0
2021,"Health & Personal Care",0
2021,"Health & Personal Care",0
2021,"Health & Personal Care",0
2021,"Health & Personal Care",0
2022,"Health & Personal Care",0
2022,"Health & Personal Care",0
2022,"Health & Personal Care",0
2022,"Health & Personal Care",0
2022,"Health & Personal Care",0
2022,"Health & Personal Care",0
2022,"Health & Personal Care",0
2022,"Health & Personal Care",0
2022,"Health & Personal Care",0
2022,"Health & Personal Care",0
2022,"Health & Personal Care",0
2022,"Health & Personal Care",0
2022,"Health & Personal Care",0
2022,"Health & Personal Care",0
2022,"Health & Personal Care",0
2022,"Health & Personal Care",0
2022,"Health & Personal Care",0
2022,"Health & Personal Care",0
2022,"Health & Personal Care",0
2022,"Health & Personal Care",0
2022,"Health & Personal Care",0
2022,"Health & Personal Care",0
2022,"Health & Personal Care",0
2022,"Health & Personal Care",0
2010,"Home Goods & Building Supplies",NULL
2010,"Home Goods & Building Supplies",0
2010,"Home Goods & Building Supplies",0
2010,"Home Goods & Building Supplies",2800
2010,"Home Goods & Building Supplies",0
2010,"Home Goods & Building Supplies",0
2010,"Home Goods & Building Supplies",0
2010,"Home Goods & Building Supplies",2600
2010,"Home Goods & Building Supplies",0
2010,"Home Goods & Building Supplies",0
2010,"Home Goods & Building Supplies",0
2010,"Home Goods & Building Supplies",2400
2010,"Home Goods & Building Supplies",0
2010,"Home Goods & Building Supplies",0
2010,"Home Goods & Building Supplies",0
2010,"Home Goods & Building Supplies",0
2010,"Home Goods & Building Supplies",100
2010,"Home Goods & Building Supplies",0
2010,"Home Goods & Building Supplies",2300
2010,"Home Goods & Building Supplies",0
2010,"Home Goods & Building Supplies",0
2010,"Home Goods & Building Supplies",0
2010,"Home Goods & Building Supplies",0
2010,"Home Goods & Building Supplies",2500
2010,"Home Goods & Building Supplies",0
2010,"Home Goods & Building Supplies",0
2010,"Home Goods & Building Supplies",0
2010,"Home Goods & Building Supplies",2600
2010,"Home Goods & Building Supplies",0
2010,"Home Goods & Building Supplies",0
2010,"Home Goods & Building Supplies",0
2010,"Home Goods & Building Supplies",2900
2010,"Home Goods & Building Supplies",0
2010,"Home Goods & Building Supplies",0
2010,"Home Goods & Building Supplies",0
2010,"Home Goods & Building Supplies",0
2010,"Home Goods & Building Supplies",100
2010,"Home Goods & Building Supplies",0
2010,"Home Goods & Building Supplies",0
2010,"Home Goods & Building Supplies",2900
2010,"Home Goods & Building Supplies",0
2010,"Home Goods & Building Supplies",0
2010,"Home Goods & Building Supplies",0
2010,"Home Goods & Building Supplies",0
2010,"Home Goods & Building Supplies",100
2010,"Home Goods & Building Supplies",0
2010,"Home Goods & Building Supplies",0
2010,"Home Goods & Building Supplies",3100
2011,"Home Goods & Building Supplies",0
2011,"Home Goods & Building Supplies",800
2011,"Home Goods & Building Supplies",0
2011,"Home Goods & Building Supplies",0
2011,"Home Goods & Building Supplies",100
2011,"Home Goods & Building Supplies",1100
2011,"Home Goods & Building Supplies",0
2011,"Home Goods & Building Supplies",0
2011,"Home Goods & Building Supplies",100
2011,"Home Goods & Building Supplies",1600
2011,"Home Goods & Building Supplies",0
2011,"Home Goods & Building Supplies",0
2011,"Home Goods & Building Supplies",100
2011,"Home Goods & Building Supplies",1300
2011,"Home Goods & Building Supplies",0
2011,"Home Goods & Building Supplies",0
2011,"Home Goods & Building Supplies",0
2011,"Home Goods & Building Supplies",0
2011,"Home Goods & Building Supplies",100
2011,"Home Goods & Building Supplies",0
2011,"Home Goods & Building Supplies",200
2011,"Home Goods & Building Supplies",1500
2011,"Home Goods & Building Supplies",0
2011,"Home Goods & Building Supplies",0
2011,"Home Goods & Building Supplies",100
2011,"Home Goods & Building Supplies",1000
2011,"Home Goods & Building Supplies",0
2011,"Home Goods & Building Supplies",0
2011,"Home Goods & Building Supplies",0
2011,"Home Goods & Building Supplies",0
2011,"Home Goods & Building Supplies",0
2011,"Home Goods & Building Supplies",0
2011,"Home Goods & Building Supplies",100
2011,"Home Goods & Building Supplies",0
2011,"Home Goods & Building Supplies",100
2011,"Home Goods & Building Supplies",0
2011,"Home Goods & Building Supplies",100
2011,"Home Goods & Building Supplies",1300
2011,"Home Goods & Building Supplies",0
2011,"Home Goods & Building Supplies",0
2011,"Home Goods & Building Supplies",100
2011,"Home Goods & Building Supplies",1200
2011,"Home Goods & Building Supplies",0
2011,"Home Goods & Building Supplies",0
2011,"Home Goods & Building Supplies",3100
2011,"Home Goods & Building Supplies",0
2011,"Home Goods & Building Supplies",0
2011,"Home Goods & Building Supplies",100
2012,"Home Goods & Building Supplies",1000
2012,"Home Goods & Building Supplies",0
2012,"Home Goods & Building Supplies",0
2012,"Home Goods & Building Supplies",0
2012,"Home Goods & Building Supplies",100
2012,"Home Goods & Building Supplies",1200
2012,"Home Goods & Building Supplies",0
2012,"Home Goods & Building Supplies",0
2012,"Home Goods & Building Supplies",100
2012,"Home Goods & Building Supplies",1600
2012,"Home Goods & Building Supplies",0
2012,"Home Goods & Building Supplies",0
2012,"Home Goods & Building Supplies",100
2012,"Home Goods & Building Supplies",1400
2012,"Home Goods & Building Supplies",0
2012,"Home Goods & Building Supplies",0
2012,"Home Goods & Building Supplies",100
2012,"Home Goods & Building Supplies",1400
2012,"Home Goods & Building Supplies",0
2012,"Home Goods & Building Supplies",0
2012,"Home Goods & Building Supplies",100
2012,"Home Goods & Building Supplies",1000
2012,"Home Goods & Building Supplies",0
2012,"Home Goods & Building Supplies",0
2012,"Home Goods & Building Supplies",100
2012,"Home Goods & Building Supplies",1100
2012,"Home Goods & Building Supplies",0
2012,"Home Goods & Building Supplies",0
2012,"Home Goods & Building Supplies",0
2012,"Home Goods & Building Supplies",1200
2012,"Home Goods & Building Supplies",0
2012,"Home Goods & Building Supplies",0
2012,"Home Goods & Building Supplies",0
2012,"Home Goods & Building Supplies",1200
2012,"Home Goods & Building Supplies",0
2012,"Home Goods & Building Supplies",0
2012,"Home Goods & Building Supplies",0
2012,"Home Goods & Building Supplies",1400
2012,"Home Goods & Building Supplies",0
2012,"Home Goods & Building Supplies",0
2012,"Home Goods & Building Supplies",100
2012,"Home Goods & Building Supplies",0
2012,"Home Goods & Building Supplies",3000
2012,"Home Goods & Building Supplies",0
2012,"Home Goods & Building Supplies",0
2012,"Home Goods & Building Supplies",0
2012,"Home Goods & Building Supplies",0
2012,"Home Goods & Building Supplies",3200
2013,"Home Goods & Building Supplies",0
2013,"Home Goods & Building Supplies",1400
2013,"Home Goods & Building Supplies",0
2013,"Home Goods & Building Supplies",0
2013,"Home Goods & Building Supplies",100
2013,"Home Goods & Building Supplies",1100
2013,"Home Goods & Building Supplies",0
2013,"Home Goods & Building Supplies",0
2013,"Home Goods & Building Supplies",100
2013,"Home Goods & Building Supplies",1100
2013,"Home Goods & Building Supplies",0
2013,"Home Goods & Building Supplies",0
2013,"Home Goods & Building Supplies",200
2013,"Home Goods & Building Supplies",1100
2013,"Home Goods & Building Supplies",0
2013,"Home Goods & Building Supplies",0
2013,"Home Goods & Building Supplies",100
2013,"Home Goods & Building Supplies",0
2013,"Home Goods & Building Supplies",0
2013,"Home Goods & Building Supplies",2500
2013,"Home Goods & Building Supplies",0
2013,"Home Goods & Building Supplies",0
2013,"Home Goods & Building Supplies",0
2013,"Home Goods & Building Supplies",2400
2013,"Home Goods & Building Supplies",0
2013,"Home Goods & Building Supplies",0
2013,"Home Goods & Building Supplies",0
2013,"Home Goods & Building Supplies",0
2013,"Home Goods & Building Supplies",100
2013,"Home Goods & Building Supplies",1600
2013,"Home Goods & Building Supplies",0
2013,"Home Goods & Building Supplies",0
2013,"Home Goods & Building Supplies",100
2013,"Home Goods & Building Supplies",1200
2013,"Home Goods & Building Supplies",0
2013,"Home Goods & Building Supplies",0
2013,"Home Goods & Building Supplies",100
2013,"Home Goods & Building Supplies",1300
2013,"Home Goods & Building Supplies",0
2013,"Home Goods & Building Supplies",0
2013,"Home Goods & Building Supplies",0
2013,"Home Goods & Building Supplies",1300
2013,"Home Goods & Building Supplies",0
2013,"Home Goods & Building Supplies",0
2013,"Home Goods & Building Supplies",0
2013,"Home Goods & Building Supplies",1200
2013,"Home Goods & Building Supplies",0
2013,"Home Goods & Building Supplies",0
2014,"Home Goods & Building Supplies",2200
2014,"Home Goods & Building Supplies",0
2014,"Home Goods & Building Supplies",0
2014,"Home Goods & Building Supplies",0
2014,"Home Goods & Building Supplies",0
2014,"Home Goods & Building Supplies",2300
2014,"Home Goods & Building Supplies",0
2014,"Home Goods & Building Supplies",0
2014,"Home Goods & Building Supplies",0
2014,"Home Goods & Building Supplies",2400
2014,"Home Goods & Building Supplies",0
2014,"Home Goods & Building Supplies",0
2014,"Home Goods & Building Supplies",2800
2014,"Home Goods & Building Supplies",0
2014,"Home Goods & Building Supplies",0
2014,"Home Goods & Building Supplies",0
2014,"Home Goods & Building Supplies",0
2014,"Home Goods & Building Supplies",2300
2014,"Home Goods & Building Supplies",0
2014,"Home Goods & Building Supplies",0
2014,"Home Goods & Building Supplies",2800
2014,"Home Goods & Building Supplies",0
2014,"Home Goods & Building Supplies",0
2014,"Home Goods & Building Supplies",100
2014,"Home Goods & Building Supplies",0
2014,"Home Goods & Building Supplies",2300
2014,"Home Goods & Building Supplies",0
2014,"Home Goods & Building Supplies",0
2014,"Home Goods & Building Supplies",0
2014,"Home Goods & Building Supplies",0
2014,"Home Goods & Building Supplies",0
2014,"Home Goods & Building Supplies",100
2014,"Home Goods & Building Supplies",0
2014,"Home Goods & Building Supplies",2500
2014,"Home Goods & Building Supplies",0
2014,"Home Goods & Building Supplies",0
2014,"Home Goods & Building Supplies",0
2014,"Home Goods & Building Supplies",0
2014,"Home Goods & Building Supplies",2500
2014,"Home Goods & Building Supplies",0
2014,"Home Goods & Building Supplies",0
2014,"Home Goods & Building Supplies",2700
2014,"Home Goods & Building Supplies",0
2014,"Home Goods & Building Supplies",0
2014,"Home Goods & Building Supplies",0
2014,"Home Goods & Building Supplies",0
2014,"Home Goods & Building Supplies",0
2014,"Home Goods & Building Supplies",2600
2015,"Home Goods & Building Supplies",0
2015,"Home Goods & Building Supplies",0
2015,"Home Goods & Building Supplies",0
2015,"Home Goods & Building Supplies",0
2015,"Home Goods & Building Supplies",100
2015,"Home Goods & Building Supplies",1000
2015,"Home Goods & Building Supplies",0
2015,"Home Goods & Building Supplies",0
2015,"Home Goods & Building Supplies",100
2015,"Home Goods & Building Supplies",1400
2015,"Home Goods & Building Supplies",0
2015,"Home Goods & Building Supplies",0
2015,"Home Goods & Building Supplies",100
2015,"Home Goods & Building Supplies",1400
2015,"Home Goods & Building Supplies",0
2015,"Home Goods & Building Supplies",0
2015,"Home Goods & Building Supplies",100
2015,"Home Goods & Building Supplies",0
2015,"Home Goods & Building Supplies",0
2015,"Home Goods & Building Supplies",3000
2015,"Home Goods & Building Supplies",0
2015,"Home Goods & Building Supplies",0
2015,"Home Goods & Building Supplies",0
2015,"Home Goods & Building Supplies",2900
2015,"Home Goods & Building Supplies",0
2015,"Home Goods & Building Supplies",0
2015,"Home Goods & Building Supplies",0
2015,"Home Goods & Building Supplies",2400
2015,"Home Goods & Building Supplies",0
2015,"Home Goods & Building Supplies",0
2015,"Home Goods & Building Supplies",0
2015,"Home Goods & Building Supplies",3200
2015,"Home Goods & Building Supplies",0
2015,"Home Goods & Building Supplies",0
2015,"Home Goods & Building Supplies",100
2015,"Home Goods & Building Supplies",900
2015,"Home Goods & Building Supplies",0
2015,"Home Goods & Building Supplies",0
2015,"Home Goods & Building Supplies",0
2015,"Home Goods & Building Supplies",2300
2015,"Home Goods & Building Supplies",0
2015,"Home Goods & Building Supplies",0
2015,"Home Goods & Building Supplies",0
2015,"Home Goods & Building Supplies",2400
2015,"Home Goods & Building Supplies",0
2015,"Home Goods & Building Supplies",0
2015,"Home Goods & Building Supplies",0
2015,"Home Goods & Building Supplies",2400
2016,"Home Goods & Building Supplies",0
2016,"Home Goods & Building Supplies",0
2016,"Home Goods & Building Supplies",1000
2016,"Home Goods & Building Supplies",0
2016,"Home Goods & Building Supplies",0
2016,"Home Goods & Building Supplies",0
2016,"Home Goods & Building Supplies",0
2016,"Home Goods & Building Supplies",100
2016,"Home Goods & Building Supplies",0
2016,"Home Goods & Building Supplies",0
2016,"Home Goods & Building Supplies",2800
2016,"Home Goods & Building Supplies",0
2016,"Home Goods & Building Supplies",0
2016,"Home Goods & Building Supplies",0
2016,"Home Goods & Building Supplies",0
2016,"Home Goods & Building Supplies",100
2016,"Home Goods & Building Supplies",0
2016,"Home Goods & Building Supplies",2600
2016,"Home Goods & Building Supplies",0
2016,"Home Goods & Building Supplies",0
2016,"Home Goods & Building Supplies",100
2016,"Home Goods & Building Supplies",0
2016,"Home Goods & Building Supplies",0
2016,"Home Goods & Building Supplies",2400
2016,"Home Goods & Building Supplies",0
2016,"Home Goods & Building Supplies",0
2016,"Home Goods & Building Supplies",0
2016,"Home Goods & Building Supplies",0
2016,"Home Goods & Building Supplies",100
2016,"Home Goods & Building Supplies",0
2016,"Home Goods & Building Supplies",0
2016,"Home Goods & Building Supplies",2700
2016,"Home Goods & Building Supplies",0
2016,"Home Goods & Building Supplies",0
2016,"Home Goods & Building Supplies",0
2016,"Home Goods & Building Supplies",0
2016,"Home Goods & Building Supplies",0
2016,"Home Goods & Building Supplies",1200
2016,"Home Goods & Building Supplies",0
2016,"Home Goods & Building Supplies",0
2016,"Home Goods & Building Supplies",0
2016,"Home Goods & Building Supplies",0
2016,"Home Goods & Building Supplies",0
2016,"Home Goods & Building Supplies",2600
2016,"Home Goods & Building Supplies",0
2016,"Home Goods & Building Supplies",0
2016,"Home Goods & Building Supplies",0
2016,"Home Goods & Building Supplies",0
2017,"Home Goods & Building Supplies",0
2017,"Home Goods & Building Supplies",0
2017,"Home Goods & Building Supplies",100
2017,"Home Goods & Building Supplies",0
2017,"Home Goods & Building Supplies",100
2017,"Home Goods & Building Supplies",0
2017,"Home Goods & Building Supplies",0
2017,"Home Goods & Building Supplies",2800
2017,"Home Goods & Building Supplies",0
2017,"Home Goods & Building Supplies",0
2017,"Home Goods & Building Supplies",0
2017,"Home Goods & Building Supplies",0
2017,"Home Goods & Building Supplies",100
2017,"Home Goods & Building Supplies",0
2017,"Home Goods & Building Supplies",0
2017,"Home Goods & Building Supplies",2700
2017,"Home Goods & Building Supplies",0
2017,"Home Goods & Building Supplies",0
2017,"Home Goods & Building Supplies",0
2017,"Home Goods & Building Supplies",0
2017,"Home Goods & Building Supplies",100
2017,"Home Goods & Building Supplies",1100
2017,"Home Goods & Building Supplies",0
2017,"Home Goods & Building Supplies",0
2017,"Home Goods & Building Supplies",100
2017,"Home Goods & Building Supplies",1800
2017,"Home Goods & Building Supplies",0
2017,"Home Goods & Building Supplies",0
2017,"Home Goods & Building Supplies",1100
2017,"Home Goods & Building Supplies",0
2017,"Home Goods & Building Supplies",0
2017,"Home Goods & Building Supplies",100
2017,"Home Goods & Building Supplies",0
2017,"Home Goods & Building Supplies",0
2017,"Home Goods & Building Supplies",2400
2017,"Home Goods & Building Supplies",0
2017,"Home Goods & Building Supplies",0
2017,"Home Goods & Building Supplies",0
2017,"Home Goods & Building Supplies",0
2017,"Home Goods & Building Supplies",100
2017,"Home Goods & Building Supplies",1200
2017,"Home Goods & Building Supplies",0
2017,"Home Goods & Building Supplies",0
2017,"Home Goods & Building Supplies",100
2017,"Home Goods & Building Supplies",1500
2017,"Home Goods & Building Supplies",0
2017,"Home Goods & Building Supplies",0
2017,"Home Goods & Building Supplies",0
2018,"Home Goods & Building Supplies",0
2018,"Home Goods & Building Supplies",100
2018,"Home Goods & Building Supplies",900
2018,"Home Goods & Building Supplies",0
2018,"Home Goods & Building Supplies",0
2018,"Home Goods & Building Supplies",100
2018,"Home Goods & Building Supplies",0
2018,"Home Goods & Building Supplies",3300
2018,"Home Goods & Building Supplies",0
2018,"Home Goods & Building Supplies",0
2018,"Home Goods & Building Supplies",0
2018,"Home Goods & Building Supplies",0
2018,"Home Goods & Building Supplies",100
2018,"Home Goods & Building Supplies",1000
2018,"Home Goods & Building Supplies",0
2018,"Home Goods & Building Supplies",0
2018,"Home Goods & Building Supplies",0
2018,"Home Goods & Building Supplies",0
2018,"Home Goods & Building Supplies",100
2018,"Home Goods & Building Supplies",1100
2018,"Home Goods & Building Supplies",0
2018,"Home Goods & Building Supplies",100
2018,"Home Goods & Building Supplies",700
2018,"Home Goods & Building Supplies",0
2018,"Home Goods & Building Supplies",200
2018,"Home Goods & Building Supplies",0
2018,"Home Goods & Building Supplies",1500
2018,"Home Goods & Building Supplies",0
2018,"Home Goods & Building Supplies",0
2018,"Home Goods & Building Supplies",0
2018,"Home Goods & Building Supplies",100
2018,"Home Goods & Building Supplies",1400
2018,"Home Goods & Building Supplies",0
2018,"Home Goods & Building Supplies",0
2018,"Home Goods & Building Supplies",1900
2018,"Home Goods & Building Supplies",0
2018,"Home Goods & Building Supplies",0
2018,"Home Goods & Building Supplies",3400
2018,"Home Goods & Building Supplies",0
2018,"Home Goods & Building Supplies",0
2018,"Home Goods & Building Supplies",100
2018,"Home Goods & Building Supplies",0
2018,"Home Goods & Building Supplies",0
2018,"Home Goods & Building Supplies",1100
2018,"Home Goods & Building Supplies",0
2018,"Home Goods & Building Supplies",0
2018,"Home Goods & Building Supplies",0
2018,"Home Goods & Building Supplies",100
2019,"Home Goods & Building Supplies",0
2019,"Home Goods & Building Supplies",2600
2019,"Home Goods & Building Supplies",0
2019,"Home Goods & Building Supplies",0
2019,"Home Goods & Building Supplies",0
2019,"Home Goods & Building Supplies",2200
2019,"Home Goods & Building Supplies",0
2019,"Home Goods & Building Supplies",2200
2019,"Home Goods & Building Supplies",0
2019,"Home Goods & Building Supplies",1700
2019,"Home Goods & Building Supplies",0
2019,"Home Goods & Building Supplies",200
2019,"Home Goods & Building Supplies",800
2019,"Home Goods & Building Supplies",0
2019,"Home Goods & Building Supplies",0
2019,"Home Goods & Building Supplies",2600
2019,"Home Goods & Building Supplies",0
2019,"Home Goods & Building Supplies",0
2019,"Home Goods & Building Supplies",0
2019,"Home Goods & Building Supplies",100
2019,"Home Goods & Building Supplies",0
2019,"Home Goods & Building Supplies",100
2019,"Home Goods & Building Supplies",0
2019,"Home Goods & Building Supplies",2300
2019,"Home Goods & Building Supplies",0
2019,"Home Goods & Building Supplies",1100
2019,"Home Goods & Building Supplies",0
2019,"Home Goods & Building Supplies",1200
2019,"Home Goods & Building Supplies",0
2019,"Home Goods & Building Supplies",0
2019,"Home Goods & Building Supplies",1600
2019,"Home Goods & Building Supplies",0
2019,"Home Goods & Building Supplies",0
2019,"Home Goods & Building Supplies",0
2019,"Home Goods & Building Supplies",0
2019,"Home Goods & Building Supplies",0
2019,"Home Goods & Building Supplies",1000
2019,"Home Goods & Building Supplies",0
2019,"Home Goods & Building Supplies",0
2019,"Home Goods & Building Supplies",3800
2019,"Home Goods & Building Supplies",0
2019,"Home Goods & Building Supplies",0
2019,"Home Goods & Building Supplies",2400
2019,"Home Goods & Building Supplies",0
2019,"Home Goods & Building Supplies",0
2019,"Home Goods & Building Supplies",3500
2019,"Home Goods & Building Supplies",0
2019,"Home Goods & Building Supplies",1200
2020,"Home Goods & Building Supplies",0
2020,"Home Goods & Building Supplies",0
2020,"Home Goods & Building Supplies",0
2020,"Home Goods & Building Supplies",2800
2020,"Home Goods & Building Supplies",0
2020,"Home Goods & Building Supplies",0
2020,"Home Goods & Building Supplies",200
2020,"Home Goods & Building Supplies",0
2020,"Home Goods & Building Supplies",2400
2020,"Home Goods & Building Supplies",0
2020,"Home Goods & Building Supplies",0
2020,"Home Goods & Building Supplies",0
2020,"Home Goods & Building Supplies",2700
2020,"Home Goods & Building Supplies",0
2020,"Home Goods & Building Supplies",0
2020,"Home Goods & Building Supplies",0
2020,"Home Goods & Building Supplies",2400
2020,"Home Goods & Building Supplies",0
2020,"Home Goods & Building Supplies",0
2020,"Home Goods & Building Supplies",2400
2020,"Home Goods & Building Supplies",0
2020,"Home Goods & Building Supplies",0
2020,"Home Goods & Building Supplies",0
2020,"Home Goods & Building Supplies",0
2020,"Home Goods & Building Supplies",2600
2020,"Home Goods & Building Supplies",0
2020,"Home Goods & Building Supplies",0
2020,"Home Goods & Building Supplies",3000
2020,"Home Goods & Building Supplies",0
2020,"Home Goods & Building Supplies",0
2020,"Home Goods & Building Supplies",0
2020,"Home Goods & Building Supplies",2300
2020,"Home Goods & Building Supplies",0
2020,"Home Goods & Building Supplies",0
2020,"Home Goods & Building Supplies",3600
2020,"Home Goods & Building Supplies",0
2020,"Home Goods & Building Supplies",0
2020,"Home Goods & Building Supplies",0
2020,"Home Goods & Building Supplies",0
2020,"Home Goods & Building Supplies",0
2020,"Home Goods & Building Supplies",2300
2020,"Home Goods & Building Supplies",0
2020,"Home Goods & Building Supplies",0
2020,"Home Goods & Building Supplies",0
2020,"Home Goods & Building Supplies",0
2020,"Home Goods & Building Supplies",0
2020,"Home Goods & Building Supplies",2300
2020,"Home Goods & Building Supplies",0
2021,"Home Goods & Building Supplies",0
2021,"Home Goods & Building Supplies",2800
2021,"Home Goods & Building Supplies",0
2021,"Home Goods & Building Supplies",0
2021,"Home Goods & Building Supplies",0
2021,"Home Goods & Building Supplies",2700
2021,"Home Goods & Building Supplies",0
2021,"Home Goods & Building Supplies",0
2021,"Home Goods & Building Supplies",200
2021,"Home Goods & Building Supplies",0
2021,"Home Goods & Building Supplies",1100
2021,"Home Goods & Building Supplies",0
2021,"Home Goods & Building Supplies",0
2021,"Home Goods & Building Supplies",0
2021,"Home Goods & Building Supplies",0
2021,"Home Goods & Building Supplies",2600
2021,"Home Goods & Building Supplies",0
2021,"Home Goods & Building Supplies",0
2021,"Home Goods & Building Supplies",0
2021,"Home Goods & Building Supplies",100
2021,"Home Goods & Building Supplies",0
2021,"Home Goods & Building Supplies",3200
2021,"Home Goods & Building Supplies",0
2021,"Home Goods & Building Supplies",0
2021,"Home Goods & Building Supplies",0
2021,"Home Goods & Building Supplies",2500
2021,"Home Goods & Building Supplies",0
2021,"Home Goods & Building Supplies",0
2021,"Home Goods & Building Supplies",0
2021,"Home Goods & Building Supplies",0
2021,"Home Goods & Building Supplies",2800
2021,"Home Goods & Building Supplies",0
2021,"Home Goods & Building Supplies",100
2021,"Home Goods & Building Supplies",1300
2021,"Home Goods & Building Supplies",0
2021,"Home Goods & Building Supplies",0
2021,"Home Goods & Building Supplies",2800
2021,"Home Goods & Building Supplies",0
2021,"Home Goods & Building Supplies",900
2021,"Home Goods & Building Supplies",0
2021,"Home Goods & Building Supplies",0
2021,"Home Goods & Building Supplies",0
2021,"Home Goods & Building Supplies",0
2021,"Home Goods & Building Supplies",0
2021,"Home Goods & Building Supplies",2800
2021,"Home Goods & Building Supplies",0
2021,"Home Goods & Building Supplies",0
2021,"Home Goods & Building Supplies",100
2022,"Home Goods & Building Supplies",1200
2022,"Home Goods & Building Supplies",0
2022,"Home Goods & Building Supplies",0
2022,"Home Goods & Building Supplies",200
2022,"Home Goods & Building Supplies",0
2022,"Home Goods & Building Supplies",0
2022,"Home Goods & Building Supplies",2700
2022,"Home Goods & Building Supplies",0
2022,"Home Goods & Building Supplies",0
2022,"Home Goods & Building Supplies",0
2022,"Home Goods & Building Supplies",2600
2022,"Home Goods & Building Supplies",0
2022,"Home Goods & Building Supplies",0
2022,"Home Goods & Building Supplies",0
2022,"Home Goods & Building Supplies",2300
2022,"Home Goods & Building Supplies",0
2022,"Home Goods & Building Supplies",0
2022,"Home Goods & Building Supplies",0
2022,"Home Goods & Building Supplies",2500
2022,"Home Goods & Building Supplies",0
2022,"Home Goods & Building Supplies",0
2022,"Home Goods & Building Supplies",0
2022,"Home Goods & Building Supplies",0
2022,"Home Goods & Building Supplies",0
2022,"Home Goods & Building Supplies",0
2022,"Home Goods & Building Supplies",100
2022,"Home Goods & Building Supplies",0
2022,"Home Goods & Building Supplies",100
2022,"Home Goods & Building Supplies",0
2022,"Home Goods & Building Supplies",100
2022,"Home Goods & Building Supplies",0
2022,"Home Goods & Building Supplies",0
2022,"Home Goods & Building Supplies",2500
2022,"Home Goods & Building Supplies",0
2022,"Home Goods & Building Supplies",0
2022,"Home Goods & Building Supplies",0
2022,"Home Goods & Building Supplies",0
2022,"Home Goods & Building Supplies",100
2022,"Home Goods & Building Supplies",0
2022,"Home Goods & Building Supplies",900
2022,"Home Goods & Building Supplies",0
2022,"Home Goods & Building Supplies",0
2022,"Home Goods & Building Supplies",100
2022,"Home Goods & Building Supplies",0
2022,"Home Goods & Building Supplies",2700
2022,"Home Goods & Building Supplies",0
2022,"Home Goods & Building Supplies",0
2022,"Home Goods & Building Supplies",0
2010,"Home Goods & Electronics",NULL
2010,"Home Goods & Electronics",200
2010,"Home Goods & Electronics",0
2010,"Home Goods & Electronics",0
2010,"Home Goods & Electronics",0
2010,"Home Goods & Electronics",0
2010,"Home Goods & Electronics",0
2010,"Home Goods & Electronics",100
2010,"Home Goods & Electronics",300
2010,"Home Goods & Electronics",0
2010,"Home Goods & Electronics",600
2010,"Home Goods & Electronics",100
2010,"Home Goods & Electronics",0
2010,"Home Goods & Electronics",0
2010,"Home Goods & Electronics",0
2010,"Home Goods & Electronics",0
2010,"Home Goods & Electronics",0
2010,"Home Goods & Electronics",0
2010,"Home Goods & Electronics",300
2010,"Home Goods & Electronics",0
2010,"Home Goods & Electronics",400
2010,"Home Goods & Electronics",100
2010,"Home Goods & Electronics",0
2010,"Home Goods & Electronics",0
2010,"Home Goods & Electronics",0
2010,"Home Goods & Electronics",0
2010,"Home Goods & Electronics",0
2010,"Home Goods & Electronics",0
2010,"Home Goods & Electronics",400
2010,"Home Goods & Electronics",0
2010,"Home Goods & Electronics",400
2010,"Home Goods & Electronics",100
2010,"Home Goods & Electronics",0
2010,"Home Goods & Electronics",0
2010,"Home Goods & Electronics",0
2010,"Home Goods & Electronics",0
2010,"Home Goods & Electronics",0
2010,"Home Goods & Electronics",0
2010,"Home Goods & Electronics",300
2010,"Home Goods & Electronics",0
2010,"Home Goods & Electronics",1600
2010,"Home Goods & Electronics",0
2010,"Home Goods & Electronics",0
2010,"Home Goods & Electronics",0
2010,"Home Goods & Electronics",0
2010,"Home Goods & Electronics",0
2010,"Home Goods & Electronics",0
2010,"Home Goods & Electronics",300
2010,"Home Goods & Electronics",0
2010,"Home Goods & Electronics",300
2010,"Home Goods & Electronics",200
2010,"Home Goods & Electronics",0
2010,"Home Goods & Electronics",0
2010,"Home Goods & Electronics",0
2010,"Home Goods & Electronics",0
2010,"Home Goods & Electronics",0
2010,"Home Goods & Electronics",0
2010,"Home Goods & Electronics",300
2010,"Home Goods & Electronics",0
2010,"Home Goods & Electronics",300
2010,"Home Goods & Electronics",200
2010,"Home Goods & Electronics",0
2010,"Home Goods & Electronics",0
2010,"Home Goods & Electronics",0
2010,"Home Goods & Electronics",0
2010,"Home Goods & Electronics",0
2010,"Home Goods & Electronics",0
2010,"Home Goods & Electronics",300
2010,"Home Goods & Electronics",0
2010,"Home Goods & Electronics",300
2010,"Home Goods & Electronics",200
2010,"Home Goods & Electronics",0
2010,"Home Goods & Electronics",0
2010,"Home Goods & Electronics",0
2010,"Home Goods & Electronics",0
2010,"Home Goods & Electronics",0
2010,"Home Goods & Electronics",0
2010,"Home Goods & Electronics",300
2010,"Home Goods & Electronics",0
2010,"Home Goods & Electronics",300
2010,"Home Goods & Electronics",200
2010,"Home Goods & Electronics",0
2010,"Home Goods & Electronics",0
2010,"Home Goods & Electronics",0
2010,"Home Goods & Electronics",0
2010,"Home Goods & Electronics",0
2010,"Home Goods & Electronics",0
2010,"Home Goods & Electronics",300
2010,"Home Goods & Electronics",0
2010,"Home Goods & Electronics",400
2010,"Home Goods & Electronics",200
2010,"Home Goods & Electronics",0
2010,"Home Goods & Electronics",0
2010,"Home Goods & Electronics",0
2010,"Home Goods & Electronics",0
2010,"Home Goods & Electronics",0
2010,"Home Goods & Electronics",0
2010,"Home Goods & Electronics",300
2010,"Home Goods & Electronics",0
2010,"Home Goods & Electronics",400
2010,"Home Goods & Electronics",200
2010,"Home Goods & Electronics",0
2010,"Home Goods & Electronics",0
2010,"Home Goods & Electronics",0
2010,"Home Goods & Electronics",0
2010,"Home Goods & Electronics",0
2010,"Home Goods & Electronics",0
2010,"Home Goods & Electronics",300
2010,"Home Goods & Electronics",0
2010,"Home Goods & Electronics",400
2010,"Home Goods & Electronics",200
2010,"Home Goods & Electronics",0
2010,"Home Goods & Electronics",0
2010,"Home Goods & Electronics",0
2010,"Home Goods & Electronics",0
2010,"Home Goods & Electronics",0
2010,"Home Goods & Electronics",100
2010,"Home Goods & Electronics",300
2010,"Home Goods & Electronics",0
2010,"Home Goods & Electronics",400
2011,"Home Goods & Electronics",100
2011,"Home Goods & Electronics",0
2011,"Home Goods & Electronics",0
2011,"Home Goods & Electronics",100
2011,"Home Goods & Electronics",0
2011,"Home Goods & Electronics",0
2011,"Home Goods & Electronics",0
2011,"Home Goods & Electronics",0
2011,"Home Goods & Electronics",400
2011,"Home Goods & Electronics",0
2011,"Home Goods & Electronics",0
2011,"Home Goods & Electronics",0
2011,"Home Goods & Electronics",0
2011,"Home Goods & Electronics",200
2011,"Home Goods & Electronics",0
2011,"Home Goods & Electronics",0
2011,"Home Goods & Electronics",0
2011,"Home Goods & Electronics",0
2011,"Home Goods & Electronics",300
2011,"Home Goods & Electronics",0
2011,"Home Goods & Electronics",400
2011,"Home Goods & Electronics",200
2011,"Home Goods & Electronics",0
2011,"Home Goods & Electronics",0
2011,"Home Goods & Electronics",0
2011,"Home Goods & Electronics",0
2011,"Home Goods & Electronics",500
2011,"Home Goods & Electronics",0
2011,"Home Goods & Electronics",0
2011,"Home Goods & Electronics",100
2011,"Home Goods & Electronics",0
2011,"Home Goods & Electronics",0
2011,"Home Goods & Electronics",0
2011,"Home Goods & Electronics",100
2011,"Home Goods & Electronics",0
2011,"Home Goods & Electronics",200
2011,"Home Goods & Electronics",0
2011,"Home Goods & Electronics",0
2011,"Home Goods & Electronics",0
2011,"Home Goods & Electronics",1500
2011,"Home Goods & Electronics",0
2011,"Home Goods & Electronics",300
2011,"Home Goods & Electronics",0
2011,"Home Goods & Electronics",400
2011,"Home Goods & Electronics",0
2011,"Home Goods & Electronics",0
2011,"Home Goods & Electronics",0
2011,"Home Goods & Electronics",1700
2011,"Home Goods & Electronics",0
2011,"Home Goods & Electronics",0
2011,"Home Goods & Electronics",0
2011,"Home Goods & Electronics",600
2011,"Home Goods & Electronics",0
2011,"Home Goods & Electronics",0
2011,"Home Goods & Electronics",0
2011,"Home Goods & Electronics",500
2011,"Home Goods & Electronics",0
2011,"Home Goods & Electronics",0
2011,"Home Goods & Electronics",1400
2011,"Home Goods & Electronics",0
2011,"Home Goods & Electronics",0
2011,"Home Goods & Electronics",0
2011,"Home Goods & Electronics",100
2011,"Home Goods & Electronics",0
2011,"Home Goods & Electronics",0
2011,"Home Goods & Electronics",0
2011,"Home Goods & Electronics",0
2011,"Home Goods & Electronics",0
2011,"Home Goods & Electronics",0
2011,"Home Goods & Electronics",0
2011,"Home Goods & Electronics",500
2011,"Home Goods & Electronics",0
2011,"Home Goods & Electronics",400
2011,"Home Goods & Electronics",0
2011,"Home Goods & Electronics",0
2011,"Home Goods & Electronics",0
2011,"Home Goods & Electronics",0
2011,"Home Goods & Electronics",0
2011,"Home Goods & Electronics",0
2011,"Home Goods & Electronics",2700
2011,"Home Goods & Electronics",0
2011,"Home Goods & Electronics",0
2011,"Home Goods & Electronics",100
2011,"Home Goods & Electronics",0
2011,"Home Goods & Electronics",0
2011,"Home Goods & Electronics",0
2011,"Home Goods & Electronics",0
2011,"Home Goods & Electronics",0
2011,"Home Goods & Electronics",800
2011,"Home Goods & Electronics",0
2011,"Home Goods & Electronics",0
2011,"Home Goods & Electronics",0
2011,"Home Goods & Electronics",0
2011,"Home Goods & Electronics",0
2011,"Home Goods & Electronics",100
2011,"Home Goods & Electronics",100
2011,"Home Goods & Electronics",0
2011,"Home Goods & Electronics",0
2011,"Home Goods & Electronics",600
2011,"Home Goods & Electronics",0
2011,"Home Goods & Electronics",0
2011,"Home Goods & Electronics",400
2011,"Home Goods & Electronics",0
2011,"Home Goods & Electronics",0
2011,"Home Goods & Electronics",0
2011,"Home Goods & Electronics",0
2011,"Home Goods & Electronics",400
2011,"Home Goods & Electronics",0
2011,"Home Goods & Electronics",0
2011,"Home Goods & Electronics",0
2011,"Home Goods & Electronics",0
2011,"Home Goods & Electronics",0
2011,"Home Goods & Electronics",0
2011,"Home Goods & Electronics",300
2011,"Home Goods & Electronics",0
2011,"Home Goods & Electronics",0
2011,"Home Goods & Electronics",0
2011,"Home Goods & Electronics",0
2011,"Home Goods & Electronics",100
2011,"Home Goods & Electronics",0
2012,"Home Goods & Electronics",0
2012,"Home Goods & Electronics",0
2012,"Home Goods & Electronics",400
2012,"Home Goods & Electronics",0
2012,"Home Goods & Electronics",0
2012,"Home Goods & Electronics",0
2012,"Home Goods & Electronics",0
2012,"Home Goods & Electronics",0
2012,"Home Goods & Electronics",0
2012,"Home Goods & Electronics",200
2012,"Home Goods & Electronics",0
2012,"Home Goods & Electronics",0
2012,"Home Goods & Electronics",0
2012,"Home Goods & Electronics",0
2012,"Home Goods & Electronics",0
2012,"Home Goods & Electronics",0
2012,"Home Goods & Electronics",0
2012,"Home Goods & Electronics",300
2012,"Home Goods & Electronics",0
2012,"Home Goods & Electronics",300
2012,"Home Goods & Electronics",0
2012,"Home Goods & Electronics",100
2012,"Home Goods & Electronics",0
2012,"Home Goods & Electronics",0
2012,"Home Goods & Electronics",0
2012,"Home Goods & Electronics",0
2012,"Home Goods & Electronics",200
2012,"Home Goods & Electronics",0
2012,"Home Goods & Electronics",0
2012,"Home Goods & Electronics",0
2012,"Home Goods & Electronics",400
2012,"Home Goods & Electronics",0
2012,"Home Goods & Electronics",300
2012,"Home Goods & Electronics",0
2012,"Home Goods & Electronics",500
2012,"Home Goods & Electronics",0
2012,"Home Goods & Electronics",0
2012,"Home Goods & Electronics",100
2012,"Home Goods & Electronics",0
2012,"Home Goods & Electronics",0
2012,"Home Goods & Electronics",100
2012,"Home Goods & Electronics",0
2012,"Home Goods & Electronics",300
2012,"Home Goods & Electronics",0
2012,"Home Goods & Electronics",400
2012,"Home Goods & Electronics",100
2012,"Home Goods & Electronics",0
2012,"Home Goods & Electronics",0
2012,"Home Goods & Electronics",0
2012,"Home Goods & Electronics",500
2012,"Home Goods & Electronics",0
2012,"Home Goods & Electronics",0
2012,"Home Goods & Electronics",100
2012,"Home Goods & Electronics",0
2012,"Home Goods & Electronics",0
2012,"Home Goods & Electronics",1100
2012,"Home Goods & Electronics",0
2012,"Home Goods & Electronics",0
2012,"Home Goods & Electronics",0
2012,"Home Goods & Electronics",0
2012,"Home Goods & Electronics",100
2012,"Home Goods & Electronics",0
2012,"Home Goods & Electronics",0
2012,"Home Goods & Electronics",100
2012,"Home Goods & Electronics",0
2012,"Home Goods & Electronics",0
2012,"Home Goods & Electronics",0
2012,"Home Goods & Electronics",400
2012,"Home Goods & Electronics",0
2012,"Home Goods & Electronics",0
2012,"Home Goods & Electronics",100
2012,"Home Goods & Electronics",200
2012,"Home Goods & Electronics",0
2012,"Home Goods & Electronics",600
2012,"Home Goods & Electronics",0
2012,"Home Goods & Electronics",0
2012,"Home Goods & Electronics",500
2012,"Home Goods & Electronics",0
2012,"Home Goods & Electronics",0
2012,"Home Goods & Electronics",1200
2012,"Home Goods & Electronics",0
2012,"Home Goods & Electronics",0
2012,"Home Goods & Electronics",0
2012,"Home Goods & Electronics",100
2012,"Home Goods & Electronics",0
2012,"Home Goods & Electronics",400
2012,"Home Goods & Electronics",0
2012,"Home Goods & Electronics",0
2012,"Home Goods & Electronics",0
2012,"Home Goods & Electronics",0
2012,"Home Goods & Electronics",500
2012,"Home Goods & Electronics",0
2012,"Home Goods & Electronics",0
2012,"Home Goods & Electronics",300
2012,"Home Goods & Electronics",0
2012,"Home Goods & Electronics",500
2012,"Home Goods & Electronics",0
2012,"Home Goods & Electronics",300
2012,"Home Goods & Electronics",0
2012,"Home Goods & Electronics",0
2012,"Home Goods & Electronics",0
2012,"Home Goods & Electronics",100
2012,"Home Goods & Electronics",0
2012,"Home Goods & Electronics",0
2012,"Home Goods & Electronics",0
2012,"Home Goods & Electronics",100
2012,"Home Goods & Electronics",0
2012,"Home Goods & Electronics",0
2012,"Home Goods & Electronics",0
2012,"Home Goods & Electronics",100
2012,"Home Goods & Electronics",0
2012,"Home Goods & Electronics",0
2012,"Home Goods & Electronics",0
2012,"Home Goods & Electronics",1100
2012,"Home Goods & Electronics",0
2012,"Home Goods & Electronics",300
2012,"Home Goods & Electronics",0
2012,"Home Goods & Electronics",300
2012,"Home Goods & Electronics",100
2012,"Home Goods & Electronics",0
2013,"Home Goods & Electronics",0
2013,"Home Goods & Electronics",100
2013,"Home Goods & Electronics",300
2013,"Home Goods & Electronics",0
2013,"Home Goods & Electronics",0
2013,"Home Goods & Electronics",0
2013,"Home Goods & Electronics",100
2013,"Home Goods & Electronics",0
2013,"Home Goods & Electronics",0
2013,"Home Goods & Electronics",0
2013,"Home Goods & Electronics",0
2013,"Home Goods & Electronics",0
2013,"Home Goods & Electronics",300
2013,"Home Goods & Electronics",0
2013,"Home Goods & Electronics",0
2013,"Home Goods & Electronics",0
2013,"Home Goods & Electronics",400
2013,"Home Goods & Electronics",0
2013,"Home Goods & Electronics",400
2013,"Home Goods & Electronics",200
2013,"Home Goods & Electronics",0
2013,"Home Goods & Electronics",300
2013,"Home Goods & Electronics",0
2013,"Home Goods & Electronics",500
2013,"Home Goods & Electronics",0
2013,"Home Goods & Electronics",0
2013,"Home Goods & Electronics",100
2013,"Home Goods & Electronics",0
2013,"Home Goods & Electronics",0
2013,"Home Goods & Electronics",0
2013,"Home Goods & Electronics",200
2013,"Home Goods & Electronics",200
2013,"Home Goods & Electronics",0
2013,"Home Goods & Electronics",300
2013,"Home Goods & Electronics",0
2013,"Home Goods & Electronics",0
2013,"Home Goods & Electronics",100
2013,"Home Goods & Electronics",0
2013,"Home Goods & Electronics",0
2013,"Home Goods & Electronics",100
2013,"Home Goods & Electronics",0
2013,"Home Goods & Electronics",0
2013,"Home Goods & Electronics",300
2013,"Home Goods & Electronics",0
2013,"Home Goods & Electronics",0
2013,"Home Goods & Electronics",0
2013,"Home Goods & Electronics",3200
2013,"Home Goods & Electronics",0
2013,"Home Goods & Electronics",0
2013,"Home Goods & Electronics",0
2013,"Home Goods & Electronics",0
2013,"Home Goods & Electronics",200
2013,"Home Goods & Electronics",0
2013,"Home Goods & Electronics",0
2013,"Home Goods & Electronics",0
2013,"Home Goods & Electronics",200
2013,"Home Goods & Electronics",0
2013,"Home Goods & Electronics",300
2013,"Home Goods & Electronics",0
2013,"Home Goods & Electronics",0
2013,"Home Goods & Electronics",0
2013,"Home Goods & Electronics",100
2013,"Home Goods & Electronics",100
2013,"Home Goods & Electronics",0
2013,"Home Goods & Electronics",0
2013,"Home Goods & Electronics",0
2013,"Home Goods & Electronics",0
2013,"Home Goods & Electronics",0
2013,"Home Goods & Electronics",500
2013,"Home Goods & Electronics",0
2013,"Home Goods & Electronics",0
2013,"Home Goods & Electronics",0
2013,"Home Goods & Electronics",0
2013,"Home Goods & Electronics",0
2013,"Home Goods & Electronics",0
2013,"Home Goods & Electronics",0
2013,"Home Goods & Electronics",0
2013,"Home Goods & Electronics",1800
2013,"Home Goods & Electronics",0
2013,"Home Goods & Electronics",1000
2013,"Home Goods & Electronics",0
2013,"Home Goods & Electronics",0
2013,"Home Goods & Electronics",0
2013,"Home Goods & Electronics",0
2013,"Home Goods & Electronics",0
2013,"Home Goods & Electronics",0
2013,"Home Goods & Electronics",0
2013,"Home Goods & Electronics",300
2013,"Home Goods & Electronics",0
2013,"Home Goods & Electronics",0
2013,"Home Goods & Electronics",0
2013,"Home Goods & Electronics",0
2013,"Home Goods & Electronics",200
2013,"Home Goods & Electronics",0
2013,"Home Goods & Electronics",600
2013,"Home Goods & Electronics",0
2013,"Home Goods & Electronics",600
2013,"Home Goods & Electronics",100
2013,"Home Goods & Electronics",0
2013,"Home Goods & Electronics",0
2013,"Home Goods & Electronics",2200
2013,"Home Goods & Electronics",0
2013,"Home Goods & Electronics",0
2013,"Home Goods & Electronics",0
2013,"Home Goods & Electronics",0
2013,"Home Goods & Electronics",200
2013,"Home Goods & Electronics",0
2013,"Home Goods & Electronics",0
2013,"Home Goods & Electronics",300
2013,"Home Goods & Electronics",0
2013,"Home Goods & Electronics",0
2013,"Home Goods & Electronics",0
2013,"Home Goods & Electronics",100
2013,"Home Goods & Electronics",100
2013,"Home Goods & Electronics",0
2013,"Home Goods & Electronics",0
2013,"Home Goods & Electronics",100
2013,"Home Goods & Electronics",0
2013,"Home Goods & Electronics",0
2013,"Home Goods & Electronics",0
2014,"Home Goods & Electronics",0
2014,"Home Goods & Electronics",3200
2014,"Home Goods & Electronics",0
2014,"Home Goods & Electronics",0
2014,"Home Goods & Electronics",700
2014,"Home Goods & Electronics",0
2014,"Home Goods & Electronics",0
2014,"Home Goods & Electronics",200
2014,"Home Goods & Electronics",0
2014,"Home Goods & Electronics",100
2014,"Home Goods & Electronics",100
2014,"Home Goods & Electronics",0
2014,"Home Goods & Electronics",0
2014,"Home Goods & Electronics",0
2014,"Home Goods & Electronics",0
2014,"Home Goods & Electronics",0
2014,"Home Goods & Electronics",0
2014,"Home Goods & Electronics",0
2014,"Home Goods & Electronics",200
2014,"Home Goods & Electronics",0
2014,"Home Goods & Electronics",300
2014,"Home Goods & Electronics",400
2014,"Home Goods & Electronics",0
2014,"Home Goods & Electronics",0
2014,"Home Goods & Electronics",500
2014,"Home Goods & Electronics",0
2014,"Home Goods & Electronics",0
2014,"Home Goods & Electronics",100
2014,"Home Goods & Electronics",0
2014,"Home Goods & Electronics",0
2014,"Home Goods & Electronics",100
2014,"Home Goods & Electronics",0
2014,"Home Goods & Electronics",0
2014,"Home Goods & Electronics",0
2014,"Home Goods & Electronics",0
2014,"Home Goods & Electronics",400
2014,"Home Goods & Electronics",0
2014,"Home Goods & Electronics",0
2014,"Home Goods & Electronics",100
2014,"Home Goods & Electronics",0
2014,"Home Goods & Electronics",0
2014,"Home Goods & Electronics",0
2014,"Home Goods & Electronics",0
2014,"Home Goods & Electronics",0
2014,"Home Goods & Electronics",0
2014,"Home Goods & Electronics",0
2014,"Home Goods & Electronics",0
2014,"Home Goods & Electronics",0
2014,"Home Goods & Electronics",300
2014,"Home Goods & Electronics",0
2014,"Home Goods & Electronics",400
2014,"Home Goods & Electronics",300
2014,"Home Goods & Electronics",0
2014,"Home Goods & Electronics",0
2014,"Home Goods & Electronics",0
2014,"Home Goods & Electronics",0
2014,"Home Goods & Electronics",0
2014,"Home Goods & Electronics",0
2014,"Home Goods & Electronics",300
2014,"Home Goods & Electronics",0
2014,"Home Goods & Electronics",400
2014,"Home Goods & Electronics",200
2014,"Home Goods & Electronics",0
2014,"Home Goods & Electronics",0
2014,"Home Goods & Electronics",0
2014,"Home Goods & Electronics",0
2014,"Home Goods & Electronics",0
2014,"Home Goods & Electronics",0
2014,"Home Goods & Electronics",300
2014,"Home Goods & Electronics",0
2014,"Home Goods & Electronics",300
2014,"Home Goods & Electronics",300
2014,"Home Goods & Electronics",0
2014,"Home Goods & Electronics",0
2014,"Home Goods & Electronics",0
2014,"Home Goods & Electronics",0
2014,"Home Goods & Electronics",0
2014,"Home Goods & Electronics",0
2014,"Home Goods & Electronics",200
2014,"Home Goods & Electronics",0
2014,"Home Goods & Electronics",300
2014,"Home Goods & Electronics",300
2014,"Home Goods & Electronics",0
2014,"Home Goods & Electronics",0
2014,"Home Goods & Electronics",0
2014,"Home Goods & Electronics",0
2014,"Home Goods & Electronics",0
2014,"Home Goods & Electronics",0
2014,"Home Goods & Electronics",200
2014,"Home Goods & Electronics",0
2014,"Home Goods & Electronics",300
2014,"Home Goods & Electronics",300
2014,"Home Goods & Electronics",0
2014,"Home Goods & Electronics",0
2014,"Home Goods & Electronics",0
2014,"Home Goods & Electronics",0
2014,"Home Goods & Electronics",0
2014,"Home Goods & Electronics",0
2014,"Home Goods & Electronics",200
2014,"Home Goods & Electronics",0
2014,"Home Goods & Electronics",300
2014,"Home Goods & Electronics",300
2014,"Home Goods & Electronics",0
2014,"Home Goods & Electronics",0
2014,"Home Goods & Electronics",0
2014,"Home Goods & Electronics",0
2014,"Home Goods & Electronics",0
2014,"Home Goods & Electronics",0
2014,"Home Goods & Electronics",200
2014,"Home Goods & Electronics",0
2014,"Home Goods & Electronics",300
2014,"Home Goods & Electronics",300
2014,"Home Goods & Electronics",0
2014,"Home Goods & Electronics",0
2014,"Home Goods & Electronics",0
2014,"Home Goods & Electronics",0
2014,"Home Goods & Electronics",0
2014,"Home Goods & Electronics",0
2014,"Home Goods & Electronics",200
2014,"Home Goods & Electronics",0
2015,"Home Goods & Electronics",0
2015,"Home Goods & Electronics",0
2015,"Home Goods & Electronics",0
2015,"Home Goods & Electronics",400
2015,"Home Goods & Electronics",0
2015,"Home Goods & Electronics",0
2015,"Home Goods & Electronics",0
2015,"Home Goods & Electronics",0
2015,"Home Goods & Electronics",0
2015,"Home Goods & Electronics",1300
2015,"Home Goods & Electronics",0
2015,"Home Goods & Electronics",0
2015,"Home Goods & Electronics",0
2015,"Home Goods & Electronics",100
2015,"Home Goods & Electronics",0
2015,"Home Goods & Electronics",100
2015,"Home Goods & Electronics",0
2015,"Home Goods & Electronics",0
2015,"Home Goods & Electronics",0
2015,"Home Goods & Electronics",0
2015,"Home Goods & Electronics",0
2015,"Home Goods & Electronics",0
2015,"Home Goods & Electronics",200
2015,"Home Goods & Electronics",0
2015,"Home Goods & Electronics",800
2015,"Home Goods & Electronics",0
2015,"Home Goods & Electronics",0
2015,"Home Goods & Electronics",0
2015,"Home Goods & Electronics",100
2015,"Home Goods & Electronics",0
2015,"Home Goods & Electronics",0
2015,"Home Goods & Electronics",0
2015,"Home Goods & Electronics",400
2015,"Home Goods & Electronics",0
2015,"Home Goods & Electronics",0
2015,"Home Goods & Electronics",100
2015,"Home Goods & Electronics",0
2015,"Home Goods & Electronics",0
2015,"Home Goods & Electronics",0
2015,"Home Goods & Electronics",0
2015,"Home Goods & Electronics",0
2015,"Home Goods & Electronics",400
2015,"Home Goods & Electronics",0
2015,"Home Goods & Electronics",0
2015,"Home Goods & Electronics",0
2015,"Home Goods & Electronics",0
2015,"Home Goods & Electronics",300
2015,"Home Goods & Electronics",0
2015,"Home Goods & Electronics",400
2015,"Home Goods & Electronics",0
2015,"Home Goods & Electronics",200
2015,"Home Goods & Electronics",100
2015,"Home Goods & Electronics",100
2015,"Home Goods & Electronics",0
2015,"Home Goods & Electronics",0
2015,"Home Goods & Electronics",1200
2015,"Home Goods & Electronics",0
2015,"Home Goods & Electronics",0
2015,"Home Goods & Electronics",300
2015,"Home Goods & Electronics",0
2015,"Home Goods & Electronics",0
2015,"Home Goods & Electronics",2100
2015,"Home Goods & Electronics",0
2015,"Home Goods & Electronics",0
2015,"Home Goods & Electronics",400
2015,"Home Goods & Electronics",0
2015,"Home Goods & Electronics",400
2015,"Home Goods & Electronics",0
2015,"Home Goods & Electronics",0
2015,"Home Goods & Electronics",100
2015,"Home Goods & Electronics",0
2015,"Home Goods & Electronics",200
2015,"Home Goods & Electronics",0
2015,"Home Goods & Electronics",400
2015,"Home Goods & Electronics",0
2015,"Home Goods & Electronics",300
2015,"Home Goods & Electronics",200
2015,"Home Goods & Electronics",0
2015,"Home Goods & Electronics",0
2015,"Home Goods & Electronics",100
2015,"Home Goods & Electronics",0
2015,"Home Goods & Electronics",0
2015,"Home Goods & Electronics",400
2015,"Home Goods & Electronics",100
2015,"Home Goods & Electronics",0
2015,"Home Goods & Electronics",0
2015,"Home Goods & Electronics",0
2015,"Home Goods & Electronics",0
2015,"Home Goods & Electronics",0
2015,"Home Goods & Electronics",300
2015,"Home Goods & Electronics",0
2015,"Home Goods & Electronics",100
2015,"Home Goods & Electronics",0
2015,"Home Goods & Electronics",0
2015,"Home Goods & Electronics",0
2015,"Home Goods & Electronics",0
2015,"Home Goods & Electronics",0
2015,"Home Goods & Electronics",0
2015,"Home Goods & Electronics",2100
2015,"Home Goods & Electronics",0
2015,"Home Goods & Electronics",1400
2015,"Home Goods & Electronics",0
2015,"Home Goods & Electronics",0
2015,"Home Goods & Electronics",0
2015,"Home Goods & Electronics",500
2015,"Home Goods & Electronics",0
2015,"Home Goods & Electronics",0
2015,"Home Goods & Electronics",0
2015,"Home Goods & Electronics",600
2015,"Home Goods & Electronics",0
2015,"Home Goods & Electronics",100
2015,"Home Goods & Electronics",0
2015,"Home Goods & Electronics",0
2015,"Home Goods & Electronics",100
2015,"Home Goods & Electronics",0
2015,"Home Goods & Electronics",0
2015,"Home Goods & Electronics",0
2015,"Home Goods & Electronics",0
2015,"Home Goods & Electronics",300
2015,"Home Goods & Electronics",0
2016,"Home Goods & Electronics",0
2016,"Home Goods & Electronics",200
2016,"Home Goods & Electronics",0
2016,"Home Goods & Electronics",0
2016,"Home Goods & Electronics",100
2016,"Home Goods & Electronics",0
2016,"Home Goods & Electronics",400
2016,"Home Goods & Electronics",0
2016,"Home Goods & Electronics",0
2016,"Home Goods & Electronics",0
2016,"Home Goods & Electronics",100
2016,"Home Goods & Electronics",0
2016,"Home Goods & Electronics",700
2016,"Home Goods & Electronics",0
2016,"Home Goods & Electronics",0
2016,"Home Goods & Electronics",0
2016,"Home Goods & Electronics",100
2016,"Home Goods & Electronics",0
2016,"Home Goods & Electronics",400
2016,"Home Goods & Electronics",0
2016,"Home Goods & Electronics",0
2016,"Home Goods & Electronics",0
2016,"Home Goods & Electronics",0
2016,"Home Goods & Electronics",0
2016,"Home Goods & Electronics",200
2016,"Home Goods & Electronics",0
2016,"Home Goods & Electronics",200
2016,"Home Goods & Electronics",0
2016,"Home Goods & Electronics",0
2016,"Home Goods & Electronics",400
2016,"Home Goods & Electronics",0
2016,"Home Goods & Electronics",0
2016,"Home Goods & Electronics",0
2016,"Home Goods & Electronics",0
2016,"Home Goods & Electronics",0
2016,"Home Goods & Electronics",0
2016,"Home Goods & Electronics",200
2016,"Home Goods & Electronics",0
2016,"Home Goods & Electronics",0
2016,"Home Goods & Electronics",0
2016,"Home Goods & Electronics",1900
2016,"Home Goods & Electronics",0
2016,"Home Goods & Electronics",100
2016,"Home Goods & Electronics",0
2016,"Home Goods & Electronics",0
2016,"Home Goods & Electronics",0
2016,"Home Goods & Electronics",200
2016,"Home Goods & Electronics",0
2016,"Home Goods & Electronics",0
2016,"Home Goods & Electronics",0
2016,"Home Goods & Electronics",0
2016,"Home Goods & Electronics",0
2016,"Home Goods & Electronics",200
2016,"Home Goods & Electronics",0
2016,"Home Goods & Electronics",0
2016,"Home Goods & Electronics",0
2016,"Home Goods & Electronics",0
2016,"Home Goods & Electronics",200
2016,"Home Goods & Electronics",0
2016,"Home Goods & Electronics",2200
2016,"Home Goods & Electronics",0
2016,"Home Goods & Electronics",0
2016,"Home Goods & Electronics",0
2016,"Home Goods & Electronics",100
2016,"Home Goods & Electronics",0
2016,"Home Goods & Electronics",0
2016,"Home Goods & Electronics",0
2016,"Home Goods & Electronics",100
2016,"Home Goods & Electronics",500
2016,"Home Goods & Electronics",0
2016,"Home Goods & Electronics",0
2016,"Home Goods & Electronics",0
2016,"Home Goods & Electronics",0
2016,"Home Goods & Electronics",0
2016,"Home Goods & Electronics",0
2016,"Home Goods & Electronics",100
2016,"Home Goods & Electronics",100
2016,"Home Goods & Electronics",200
2016,"Home Goods & Electronics",0
2016,"Home Goods & Electronics",200
2016,"Home Goods & Electronics",0
2016,"Home Goods & Electronics",200
2016,"Home Goods & Electronics",0
2016,"Home Goods & Electronics",600
2016,"Home Goods & Electronics",0
2016,"Home Goods & Electronics",0
2016,"Home Goods & Electronics",2100
2016,"Home Goods & Electronics",0
2016,"Home Goods & Electronics",0
2016,"Home Goods & Electronics",200
2016,"Home Goods & Electronics",0
2016,"Home Goods & Electronics",400
2016,"Home Goods & Electronics",0
2016,"Home Goods & Electronics",0
2016,"Home Goods & Electronics",0
2016,"Home Goods & Electronics",100
2016,"Home Goods & Electronics",0
2016,"Home Goods & Electronics",0
2016,"Home Goods & Electronics",0
2016,"Home Goods & Electronics",0
2016,"Home Goods & Electronics",0
2016,"Home Goods & Electronics",400
2016,"Home Goods & Electronics",0
2016,"Home Goods & Electronics",0
2016,"Home Goods & Electronics",100
2016,"Home Goods & Electronics",0
2016,"Home Goods & Electronics",0
2016,"Home Goods & Electronics",300
2016,"Home Goods & Electronics",0
2016,"Home Goods & Electronics",100
2016,"Home Goods & Electronics",0
2016,"Home Goods & Electronics",0
2016,"Home Goods & Electronics",600
2016,"Home Goods & Electronics",0
2016,"Home Goods & Electronics",0
2016,"Home Goods & Electronics",0
2016,"Home Goods & Electronics",0
2016,"Home Goods & Electronics",100
2016,"Home Goods & Electronics",0
2016,"Home Goods & Electronics",0
2017,"Home Goods & Electronics",NULL
2017,"Home Goods & Electronics",NULL
2017,"Home Goods & Electronics",0
2017,"Home Goods & Electronics",0
2017,"Home Goods & Electronics",0
2017,"Home Goods & Electronics",0
2017,"Home Goods & Electronics",0
2017,"Home Goods & Electronics",0
2017,"Home Goods & Electronics",400
2017,"Home Goods & Electronics",0
2017,"Home Goods & Electronics",NULL
2017,"Home Goods & Electronics",NULL
2017,"Home Goods & Electronics",0
2017,"Home Goods & Electronics",0
2017,"Home Goods & Electronics",0
2017,"Home Goods & Electronics",0
2017,"Home Goods & Electronics",0
2017,"Home Goods & Electronics",0
2017,"Home Goods & Electronics",NULL
2017,"Home Goods & Electronics",NULL
2017,"Home Goods & Electronics",100
2017,"Home Goods & Electronics",0
2017,"Home Goods & Electronics",NULL
2017,"Home Goods & Electronics",NULL
2017,"Home Goods & Electronics",200
2017,"Home Goods & Electronics",0
2017,"Home Goods & Electronics",2800
2017,"Home Goods & Electronics",0
2017,"Home Goods & Electronics",100
2017,"Home Goods & Electronics",0
2017,"Home Goods & Electronics",0
2017,"Home Goods & Electronics",0
2017,"Home Goods & Electronics",300
2017,"Home Goods & Electronics",0
2017,"Home Goods & Electronics",NULL
2017,"Home Goods & Electronics",NULL
2017,"Home Goods & Electronics",0
2017,"Home Goods & Electronics",0
2017,"Home Goods & Electronics",0
2017,"Home Goods & Electronics",100
2017,"Home Goods & Electronics",0
2017,"Home Goods & Electronics",0
2017,"Home Goods & Electronics",NULL
2017,"Home Goods & Electronics",NULL
2017,"Home Goods & Electronics",0
2017,"Home Goods & Electronics",0
2017,"Home Goods & Electronics",300
2017,"Home Goods & Electronics",0
2017,"Home Goods & Electronics",NULL
2017,"Home Goods & Electronics",NULL
2017,"Home Goods & Electronics",0
2017,"Home Goods & Electronics",0
2017,"Home Goods & Electronics",0
2017,"Home Goods & Electronics",0
2017,"Home Goods & Electronics",1400
2017,"Home Goods & Electronics",0
2017,"Home Goods & Electronics",0
2017,"Home Goods & Electronics",0
2017,"Home Goods & Electronics",300
2017,"Home Goods & Electronics",0
2017,"Home Goods & Electronics",0
2017,"Home Goods & Electronics",300
2017,"Home Goods & Electronics",0
2017,"Home Goods & Electronics",NULL
2017,"Home Goods & Electronics",NULL
2017,"Home Goods & Electronics",0
2017,"Home Goods & Electronics",0
2017,"Home Goods & Electronics",0
2017,"Home Goods & Electronics",100
2017,"Home Goods & Electronics",0
2017,"Home Goods & Electronics",0
2017,"Home Goods & Electronics",400
2017,"Home Goods & Electronics",0
2017,"Home Goods & Electronics",NULL
2017,"Home Goods & Electronics",NULL
2017,"Home Goods & Electronics",0
2017,"Home Goods & Electronics",600
2017,"Home Goods & Electronics",0
2017,"Home Goods & Electronics",0
2017,"Home Goods & Electronics",100
2017,"Home Goods & Electronics",0
2017,"Home Goods & Electronics",0
2017,"Home Goods & Electronics",400
2017,"Home Goods & Electronics",0
2017,"Home Goods & Electronics",0
2017,"Home Goods & Electronics",100
2017,"Home Goods & Electronics",0
2017,"Home Goods & Electronics",0
2017,"Home Goods & Electronics",0
2017,"Home Goods & Electronics",0
2017,"Home Goods & Electronics",0
2017,"Home Goods & Electronics",0
2017,"Home Goods & Electronics",500
2017,"Home Goods & Electronics",0
2017,"Home Goods & Electronics",NULL
2017,"Home Goods & Electronics",NULL
2017,"Home Goods & Electronics",0
2017,"Home Goods & Electronics",400
2017,"Home Goods & Electronics",0
2017,"Home Goods & Electronics",0
2017,"Home Goods & Electronics",100
2017,"Home Goods & Electronics",0
2017,"Home Goods & Electronics",0
2017,"Home Goods & Electronics",0
2017,"Home Goods & Electronics",0
2017,"Home Goods & Electronics",200
2017,"Home Goods & Electronics",0
2017,"Home Goods & Electronics",400
2017,"Home Goods & Electronics",500
2017,"Home Goods & Electronics",0
2017,"Home Goods & Electronics",0
2017,"Home Goods & Electronics",0
2017,"Home Goods & Electronics",0
2017,"Home Goods & Electronics",0
2017,"Home Goods & Electronics",100
2017,"Home Goods & Electronics",0
2017,"Home Goods & Electronics",500
2017,"Home Goods & Electronics",500
2017,"Home Goods & Electronics",0
2017,"Home Goods & Electronics",500
2018,"Home Goods & Electronics",0
2018,"Home Goods & Electronics",100
2018,"Home Goods & Electronics",0
2018,"Home Goods & Electronics",0
2018,"Home Goods & Electronics",NULL
2018,"Home Goods & Electronics",NULL
2018,"Home Goods & Electronics",0
2018,"Home Goods & Electronics",400
2018,"Home Goods & Electronics",0
2018,"Home Goods & Electronics",200
2018,"Home Goods & Electronics",0
2018,"Home Goods & Electronics",NULL
2018,"Home Goods & Electronics",NULL
2018,"Home Goods & Electronics",0
2018,"Home Goods & Electronics",0
2018,"Home Goods & Electronics",0
2018,"Home Goods & Electronics",0
2018,"Home Goods & Electronics",300
2018,"Home Goods & Electronics",0
2018,"Home Goods & Electronics",600
2018,"Home Goods & Electronics",0
2018,"Home Goods & Electronics",NULL
2018,"Home Goods & Electronics",NULL
2018,"Home Goods & Electronics",0
2018,"Home Goods & Electronics",100
2018,"Home Goods & Electronics",0
2018,"Home Goods & Electronics",0
2018,"Home Goods & Electronics",100
2018,"Home Goods & Electronics",0
2018,"Home Goods & Electronics",0
2018,"Home Goods & Electronics",0
2018,"Home Goods & Electronics",0
2018,"Home Goods & Electronics",0
2018,"Home Goods & Electronics",0
2018,"Home Goods & Electronics",400
2018,"Home Goods & Electronics",0
2018,"Home Goods & Electronics",NULL
2018,"Home Goods & Electronics",NULL
2018,"Home Goods & Electronics",0
2018,"Home Goods & Electronics",0
2018,"Home Goods & Electronics",0
2018,"Home Goods & Electronics",100
2018,"Home Goods & Electronics",NULL
2018,"Home Goods & Electronics",NULL
2018,"Home Goods & Electronics",100
2018,"Home Goods & Electronics",0
2018,"Home Goods & Electronics",300
2018,"Home Goods & Electronics",100
2018,"Home Goods & Electronics",0
2018,"Home Goods & Electronics",400
2018,"Home Goods & Electronics",0
2018,"Home Goods & Electronics",0
2018,"Home Goods & Electronics",NULL
2018,"Home Goods & Electronics",NULL
2018,"Home Goods & Electronics",0
2018,"Home Goods & Electronics",200
2018,"Home Goods & Electronics",0
2018,"Home Goods & Electronics",300
2018,"Home Goods & Electronics",600
2018,"Home Goods & Electronics",0
2018,"Home Goods & Electronics",0
2018,"Home Goods & Electronics",0
2018,"Home Goods & Electronics",0
2018,"Home Goods & Electronics",NULL
2018,"Home Goods & Electronics",NULL
2018,"Home Goods & Electronics",200
2018,"Home Goods & Electronics",0
2018,"Home Goods & Electronics",300
2018,"Home Goods & Electronics",600
2018,"Home Goods & Electronics",0
2018,"Home Goods & Electronics",0
2018,"Home Goods & Electronics",0
2018,"Home Goods & Electronics",0
2018,"Home Goods & Electronics",0
2018,"Home Goods & Electronics",0
2018,"Home Goods & Electronics",0
2018,"Home Goods & Electronics",NULL
2018,"Home Goods & Electronics",NULL
2018,"Home Goods & Electronics",0
2018,"Home Goods & Electronics",NULL
2018,"Home Goods & Electronics",NULL
2018,"Home Goods & Electronics",200
2018,"Home Goods & Electronics",0
2018,"Home Goods & Electronics",400
2018,"Home Goods & Electronics",0
2018,"Home Goods & Electronics",0
2018,"Home Goods & Electronics",400
2018,"Home Goods & Electronics",0
2018,"Home Goods & Electronics",NULL
2018,"Home Goods & Electronics",NULL
2018,"Home Goods & Electronics",0
2018,"Home Goods & Electronics",0
2018,"Home Goods & Electronics",0
2018,"Home Goods & Electronics",0
2018,"Home Goods & Electronics",300
2018,"Home Goods & Electronics",100
2018,"Home Goods & Electronics",100
2018,"Home Goods & Electronics",0
2018,"Home Goods & Electronics",0
2018,"Home Goods & Electronics",0
2018,"Home Goods & Electronics",0
2018,"Home Goods & Electronics",NULL
2018,"Home Goods & Electronics",NULL
2018,"Home Goods & Electronics",200
2018,"Home Goods & Electronics",0
2018,"Home Goods & Electronics",300
2018,"Home Goods & Electronics",700
2018,"Home Goods & Electronics",0
2018,"Home Goods & Electronics",0
2018,"Home Goods & Electronics",0
2018,"Home Goods & Electronics",0
2018,"Home Goods & Electronics",0
2018,"Home Goods & Electronics",NULL
2018,"Home Goods & Electronics",NULL
2018,"Home Goods & Electronics",200
2018,"Home Goods & Electronics",700
2018,"Home Goods & Electronics",0
2018,"Home Goods & Electronics",200
2018,"Home Goods & Electronics",700
2018,"Home Goods & Electronics",0
2019,"Home Goods & Electronics",0
2019,"Home Goods & Electronics",2100
2019,"Home Goods & Electronics",NULL
2019,"Home Goods & Electronics",NULL
2019,"Home Goods & Electronics",0
2019,"Home Goods & Electronics",0
2019,"Home Goods & Electronics",400
2019,"Home Goods & Electronics",0
2019,"Home Goods & Electronics",200
2019,"Home Goods & Electronics",NULL
2019,"Home Goods & Electronics",NULL
2019,"Home Goods & Electronics",0
2019,"Home Goods & Electronics",200
2019,"Home Goods & Electronics",0
2019,"Home Goods & Electronics",0
2019,"Home Goods & Electronics",0
2019,"Home Goods & Electronics",0
2019,"Home Goods & Electronics",0
2019,"Home Goods & Electronics",0
2019,"Home Goods & Electronics",0
2019,"Home Goods & Electronics",0
2019,"Home Goods & Electronics",0
2019,"Home Goods & Electronics",0
2019,"Home Goods & Electronics",0
2019,"Home Goods & Electronics",300
2019,"Home Goods & Electronics",0
2019,"Home Goods & Electronics",NULL
2019,"Home Goods & Electronics",NULL
2019,"Home Goods & Electronics",0
2019,"Home Goods & Electronics",800
2019,"Home Goods & Electronics",0
2019,"Home Goods & Electronics",0
2019,"Home Goods & Electronics",0
2019,"Home Goods & Electronics",0
2019,"Home Goods & Electronics",0
2019,"Home Goods & Electronics",0
2019,"Home Goods & Electronics",200
2019,"Home Goods & Electronics",0
2019,"Home Goods & Electronics",0
2019,"Home Goods & Electronics",NULL
2019,"Home Goods & Electronics",NULL
2019,"Home Goods & Electronics",0
2019,"Home Goods & Electronics",0
2019,"Home Goods & Electronics",0
2019,"Home Goods & Electronics",NULL
2019,"Home Goods & Electronics",NULL
2019,"Home Goods & Electronics",0
2019,"Home Goods & Electronics",NULL
2019,"Home Goods & Electronics",NULL
2019,"Home Goods & Electronics",100
2019,"Home Goods & Electronics",0
2019,"Home Goods & Electronics",200
2019,"Home Goods & Electronics",0
2019,"Home Goods & Electronics",400
2019,"Home Goods & Electronics",0
2019,"Home Goods & Electronics",0
2019,"Home Goods & Electronics",300
2019,"Home Goods & Electronics",0
2019,"Home Goods & Electronics",NULL
2019,"Home Goods & Electronics",NULL
2019,"Home Goods & Electronics",0
2019,"Home Goods & Electronics",0
2019,"Home Goods & Electronics",200
2019,"Home Goods & Electronics",0
2019,"Home Goods & Electronics",300
2019,"Home Goods & Electronics",100
2019,"Home Goods & Electronics",0
2019,"Home Goods & Electronics",400
2019,"Home Goods & Electronics",0
2019,"Home Goods & Electronics",0
2019,"Home Goods & Electronics",0
2019,"Home Goods & Electronics",0
2019,"Home Goods & Electronics",200
2019,"Home Goods & Electronics",0
2019,"Home Goods & Electronics",0
2019,"Home Goods & Electronics",800
2019,"Home Goods & Electronics",0
2019,"Home Goods & Electronics",0
2019,"Home Goods & Electronics",100
2019,"Home Goods & Electronics",0
2019,"Home Goods & Electronics",0
2019,"Home Goods & Electronics",0
2019,"Home Goods & Electronics",0
2019,"Home Goods & Electronics",300
2019,"Home Goods & Electronics",0
2019,"Home Goods & Electronics",0
2019,"Home Goods & Electronics",NULL
2019,"Home Goods & Electronics",NULL
2019,"Home Goods & Electronics",0
2019,"Home Goods & Electronics",0
2019,"Home Goods & Electronics",100
2019,"Home Goods & Electronics",0
2019,"Home Goods & Electronics",0
2019,"Home Goods & Electronics",0
2019,"Home Goods & Electronics",0
2019,"Home Goods & Electronics",0
2019,"Home Goods & Electronics",500
2019,"Home Goods & Electronics",0
2019,"Home Goods & Electronics",300
2019,"Home Goods & Electronics",0
2019,"Home Goods & Electronics",NULL
2019,"Home Goods & Electronics",NULL
2019,"Home Goods & Electronics",100
2019,"Home Goods & Electronics",0
2019,"Home Goods & Electronics",0
2019,"Home Goods & Electronics",400
2019,"Home Goods & Electronics",0
2019,"Home Goods & Electronics",NULL
2019,"Home Goods & Electronics",NULL
2019,"Home Goods & Electronics",0
2019,"Home Goods & Electronics",1300
2019,"Home Goods & Electronics",0
2019,"Home Goods & Electronics",0
2019,"Home Goods & Electronics",0
2019,"Home Goods & Electronics",1800
2019,"Home Goods & Electronics",NULL
2019,"Home Goods & Electronics",NULL
2019,"Home Goods & Electronics",0
2019,"Home Goods & Electronics",NULL
2019,"Home Goods & Electronics",NULL
2020,"Home Goods & Electronics",0
2020,"Home Goods & Electronics",100
2020,"Home Goods & Electronics",500
2020,"Home Goods & Electronics",0
2020,"Home Goods & Electronics",0
2020,"Home Goods & Electronics",0
2020,"Home Goods & Electronics",0
2020,"Home Goods & Electronics",NULL
2020,"Home Goods & Electronics",NULL
2020,"Home Goods & Electronics",NULL
2020,"Home Goods & Electronics",NULL
2020,"Home Goods & Electronics",0
2020,"Home Goods & Electronics",100
2020,"Home Goods & Electronics",1400
2020,"Home Goods & Electronics",0
2020,"Home Goods & Electronics",0
2020,"Home Goods & Electronics",0
2020,"Home Goods & Electronics",0
2020,"Home Goods & Electronics",NULL
2020,"Home Goods & Electronics",NULL
2020,"Home Goods & Electronics",NULL
2020,"Home Goods & Electronics",NULL
2020,"Home Goods & Electronics",NULL
2020,"Home Goods & Electronics",0
2020,"Home Goods & Electronics",0
2020,"Home Goods & Electronics",200
2020,"Home Goods & Electronics",0
2020,"Home Goods & Electronics",0
2020,"Home Goods & Electronics",NULL
2020,"Home Goods & Electronics",NULL
2020,"Home Goods & Electronics",0
2020,"Home Goods & Electronics",0
2020,"Home Goods & Electronics",0
2020,"Home Goods & Electronics",100
2020,"Home Goods & Electronics",0
2020,"Home Goods & Electronics",0
2020,"Home Goods & Electronics",1700
2020,"Home Goods & Electronics",0
2020,"Home Goods & Electronics",200
2020,"Home Goods & Electronics",0
2020,"Home Goods & Electronics",800
2020,"Home Goods & Electronics",0
2020,"Home Goods & Electronics",0
2020,"Home Goods & Electronics",NULL
2020,"Home Goods & Electronics",NULL
2020,"Home Goods & Electronics",NULL
2020,"Home Goods & Electronics",NULL
2020,"Home Goods & Electronics",0
2020,"Home Goods & Electronics",300
2020,"Home Goods & Electronics",NULL
2020,"Home Goods & Electronics",NULL
2020,"Home Goods & Electronics",0
2020,"Home Goods & Electronics",0
2020,"Home Goods & Electronics",0
2020,"Home Goods & Electronics",0
2020,"Home Goods & Electronics",4200
2020,"Home Goods & Electronics",0
2020,"Home Goods & Electronics",0
2020,"Home Goods & Electronics",NULL
2020,"Home Goods & Electronics",NULL
2020,"Home Goods & Electronics",0
2020,"Home Goods & Electronics",200
2020,"Home Goods & Electronics",0
2020,"Home Goods & Electronics",NULL
2020,"Home Goods & Electronics",NULL
2020,"Home Goods & Electronics",0
2020,"Home Goods & Electronics",0
2020,"Home Goods & Electronics",0
2020,"Home Goods & Electronics",0
2020,"Home Goods & Electronics",400
2020,"Home Goods & Electronics",0
2020,"Home Goods & Electronics",NULL
2020,"Home Goods & Electronics",NULL
2020,"Home Goods & Electronics",0
2020,"Home Goods & Electronics",0
2020,"Home Goods & Electronics",700
2020,"Home Goods & Electronics",0
2020,"Home Goods & Electronics",0
2020,"Home Goods & Electronics",0
2020,"Home Goods & Electronics",100
2020,"Home Goods & Electronics",0
2020,"Home Goods & Electronics",NULL
2020,"Home Goods & Electronics",NULL
2020,"Home Goods & Electronics",0
2020,"Home Goods & Electronics",0
2020,"Home Goods & Electronics",0
2020,"Home Goods & Electronics",0
2020,"Home Goods & Electronics",200
2020,"Home Goods & Electronics",0
2020,"Home Goods & Electronics",0
2020,"Home Goods & Electronics",0
2020,"Home Goods & Electronics",100
2020,"Home Goods & Electronics",0
2020,"Home Goods & Electronics",1500
2020,"Home Goods & Electronics",NULL
2020,"Home Goods & Electronics",NULL
2020,"Home Goods & Electronics",0
2020,"Home Goods & Electronics",0
2020,"Home Goods & Electronics",200
2020,"Home Goods & Electronics",100
2020,"Home Goods & Electronics",0
2020,"Home Goods & Electronics",0
2020,"Home Goods & Electronics",700
2020,"Home Goods & Electronics",0
2020,"Home Goods & Electronics",0
2020,"Home Goods & Electronics",300
2020,"Home Goods & Electronics",0
2020,"Home Goods & Electronics",NULL
2020,"Home Goods & Electronics",NULL
2020,"Home Goods & Electronics",0
2020,"Home Goods & Electronics",0
2020,"Home Goods & Electronics",0
2020,"Home Goods & Electronics",0
2020,"Home Goods & Electronics",0
2020,"Home Goods & Electronics",200
2020,"Home Goods & Electronics",0
2020,"Home Goods & Electronics",NULL
2020,"Home Goods & Electronics",NULL
2020,"Home Goods & Electronics",0
2020,"Home Goods & Electronics",0
2021,"Home Goods & Electronics",100
2021,"Home Goods & Electronics",0
2021,"Home Goods & Electronics",NULL
2021,"Home Goods & Electronics",NULL
2021,"Home Goods & Electronics",NULL
2021,"Home Goods & Electronics",NULL
2021,"Home Goods & Electronics",NULL
2021,"Home Goods & Electronics",300
2021,"Home Goods & Electronics",0
2021,"Home Goods & Electronics",0
2021,"Home Goods & Electronics",NULL
2021,"Home Goods & Electronics",NULL
2021,"Home Goods & Electronics",NULL
2021,"Home Goods & Electronics",0
2021,"Home Goods & Electronics",NULL
2021,"Home Goods & Electronics",NULL
2021,"Home Goods & Electronics",900
2021,"Home Goods & Electronics",NULL
2021,"Home Goods & Electronics",NULL
2021,"Home Goods & Electronics",NULL
2021,"Home Goods & Electronics",0
2021,"Home Goods & Electronics",0
2021,"Home Goods & Electronics",NULL
2021,"Home Goods & Electronics",NULL
2021,"Home Goods & Electronics",NULL
2021,"Home Goods & Electronics",NULL
2021,"Home Goods & Electronics",NULL
2021,"Home Goods & Electronics",NULL
2021,"Home Goods & Electronics",NULL
2021,"Home Goods & Electronics",NULL
2021,"Home Goods & Electronics",NULL
2021,"Home Goods & Electronics",NULL
2021,"Home Goods & Electronics",NULL
2021,"Home Goods & Electronics",NULL
2021,"Home Goods & Electronics",NULL
2021,"Home Goods & Electronics",NULL
2021,"Home Goods & Electronics",0
2021,"Home Goods & Electronics",NULL
2021,"Home Goods & Electronics",NULL
2021,"Home Goods & Electronics",200
2021,"Home Goods & Electronics",200
2021,"Home Goods & Electronics",0
2021,"Home Goods & Electronics",0
2021,"Home Goods & Electronics",0
2021,"Home Goods & Electronics",0
2021,"Home Goods & Electronics",0
2021,"Home Goods & Electronics",0
2021,"Home Goods & Electronics",NULL
2021,"Home Goods & Electronics",NULL
2021,"Home Goods & Electronics",0
2021,"Home Goods & Electronics",200
2021,"Home Goods & Electronics",1700
2021,"Home Goods & Electronics",0
2021,"Home Goods & Electronics",NULL
2021,"Home Goods & Electronics",NULL
2021,"Home Goods & Electronics",NULL
2021,"Home Goods & Electronics",NULL
2021,"Home Goods & Electronics",0
2021,"Home Goods & Electronics",0
2021,"Home Goods & Electronics",200
2021,"Home Goods & Electronics",100
2021,"Home Goods & Electronics",0
2021,"Home Goods & Electronics",0
2021,"Home Goods & Electronics",0
2021,"Home Goods & Electronics",0
2021,"Home Goods & Electronics",NULL
2021,"Home Goods & Electronics",NULL
2021,"Home Goods & Electronics",0
2021,"Home Goods & Electronics",0
2021,"Home Goods & Electronics",NULL
2021,"Home Goods & Electronics",NULL
2021,"Home Goods & Electronics",NULL
2021,"Home Goods & Electronics",700
2021,"Home Goods & Electronics",0
2021,"Home Goods & Electronics",0
2021,"Home Goods & Electronics",NULL
2021,"Home Goods & Electronics",NULL
2021,"Home Goods & Electronics",NULL
2021,"Home Goods & Electronics",NULL
2021,"Home Goods & Electronics",0
2021,"Home Goods & Electronics",0
2021,"Home Goods & Electronics",400
2021,"Home Goods & Electronics",0
2021,"Home Goods & Electronics",0
2021,"Home Goods & Electronics",0
2021,"Home Goods & Electronics",800
2021,"Home Goods & Electronics",0
2021,"Home Goods & Electronics",0
2021,"Home Goods & Electronics",0
2021,"Home Goods & Electronics",NULL
2021,"Home Goods & Electronics",NULL
2021,"Home Goods & Electronics",0
2021,"Home Goods & Electronics",4500
2021,"Home Goods & Electronics",0
2021,"Home Goods & Electronics",NULL
2021,"Home Goods & Electronics",NULL
2021,"Home Goods & Electronics",0
2021,"Home Goods & Electronics",NULL
2021,"Home Goods & Electronics",NULL
2021,"Home Goods & Electronics",NULL
2021,"Home Goods & Electronics",0
2021,"Home Goods & Electronics",200
2021,"Home Goods & Electronics",NULL
2021,"Home Goods & Electronics",NULL
2021,"Home Goods & Electronics",0
2021,"Home Goods & Electronics",NULL
2021,"Home Goods & Electronics",NULL
2021,"Home Goods & Electronics",0
2021,"Home Goods & Electronics",0
2021,"Home Goods & Electronics",1000
2021,"Home Goods & Electronics",0
2021,"Home Goods & Electronics",0
2021,"Home Goods & Electronics",NULL
2021,"Home Goods & Electronics",NULL
2021,"Home Goods & Electronics",200
2021,"Home Goods & Electronics",0
2021,"Home Goods & Electronics",0
2021,"Home Goods & Electronics",NULL
2021,"Home Goods & Electronics",NULL
2021,"Home Goods & Electronics",NULL
2022,"Home Goods & Electronics",NULL
2022,"Home Goods & Electronics",NULL
2022,"Home Goods & Electronics",0
2022,"Home Goods & Electronics",0
2022,"Home Goods & Electronics",0
2022,"Home Goods & Electronics",600
2022,"Home Goods & Electronics",0
2022,"Home Goods & Electronics",NULL
2022,"Home Goods & Electronics",NULL
2022,"Home Goods & Electronics",NULL
2022,"Home Goods & Electronics",NULL
2022,"Home Goods & Electronics",0
2022,"Home Goods & Electronics",0
2022,"Home Goods & Electronics",0
2022,"Home Goods & Electronics",0
2022,"Home Goods & Electronics",0
2022,"Home Goods & Electronics",NULL
2022,"Home Goods & Electronics",NULL
2022,"Home Goods & Electronics",6700
2022,"Home Goods & Electronics",0
2022,"Home Goods & Electronics",0
2022,"Home Goods & Electronics",0
2022,"Home Goods & Electronics",300
2022,"Home Goods & Electronics",NULL
2022,"Home Goods & Electronics",NULL
2022,"Home Goods & Electronics",0
2022,"Home Goods & Electronics",0
2022,"Home Goods & Electronics",NULL
2022,"Home Goods & Electronics",NULL
2022,"Home Goods & Electronics",NULL
2022,"Home Goods & Electronics",0
2022,"Home Goods & Electronics",200
2022,"Home Goods & Electronics",0
2022,"Home Goods & Electronics",0
2022,"Home Goods & Electronics",NULL
2022,"Home Goods & Electronics",NULL
2022,"Home Goods & Electronics",NULL
2022,"Home Goods & Electronics",NULL
2022,"Home Goods & Electronics",100
2022,"Home Goods & Electronics",NULL
2022,"Home Goods & Electronics",NULL
2022,"Home Goods & Electronics",0
2022,"Home Goods & Electronics",0
2022,"Home Goods & Electronics",NULL
2022,"Home Goods & Electronics",NULL
2022,"Home Goods & Electronics",0
2022,"Home Goods & Electronics",0
2022,"Home Goods & Electronics",0
2022,"Home Goods & Electronics",400
2022,"Home Goods & Electronics",NULL
2022,"Home Goods & Electronics",NULL
2022,"Home Goods & Electronics",NULL
2022,"Home Goods & Electronics",NULL
2022,"Home Goods & Electronics",0
2022,"Home Goods & Electronics",0
2022,"Home Goods & Electronics",100
2022,"Home Goods & Electronics",0
2022,"Home Goods & Electronics",NULL
2022,"Home Goods & Electronics",NULL
2022,"Home Goods & Electronics",NULL
2022,"Home Goods & Electronics",NULL
2022,"Home Goods & Electronics",0
2022,"Home Goods & Electronics",600
2022,"Home Goods & Electronics",0
2022,"Home Goods & Electronics",0
2022,"Home Goods & Electronics",0
2022,"Home Goods & Electronics",0
2022,"Home Goods & Electronics",1300
2022,"Home Goods & Electronics",0
2022,"Home Goods & Electronics",NULL
2022,"Home Goods & Electronics",NULL
2022,"Home Goods & Electronics",NULL
2022,"Home Goods & Electronics",0
2022,"Home Goods & Electronics",NULL
2022,"Home Goods & Electronics",NULL
2022,"Home Goods & Electronics",0
2022,"Home Goods & Electronics",0
2022,"Home Goods & Electronics",200
2022,"Home Goods & Electronics",NULL
2022,"Home Goods & Electronics",NULL
2022,"Home Goods & Electronics",NULL
2022,"Home Goods & Electronics",400
2022,"Home Goods & Electronics",0
2022,"Home Goods & Electronics",0
2022,"Home Goods & Electronics",0
2022,"Home Goods & Electronics",NULL
2022,"Home Goods & Electronics",NULL
2022,"Home Goods & Electronics",NULL
2022,"Home Goods & Electronics",0
2022,"Home Goods & Electronics",200
2022,"Home Goods & Electronics",0
2022,"Home Goods & Electronics",300
2022,"Home Goods & Electronics",0
2022,"Home Goods & Electronics",0
2022,"Home Goods & Electronics",NULL
2022,"Home Goods & Electronics",NULL
2022,"Home Goods & Electronics",NULL
2022,"Home Goods & Electronics",NULL
2022,"Home Goods & Electronics",NULL
2022,"Home Goods & Electronics",NULL
2022,"Home Goods & Electronics",NULL
2022,"Home Goods & Electronics",300
2022,"Home Goods & Electronics",NULL
2022,"Home Goods & Electronics",NULL
2022,"Home Goods & Electronics",NULL
2022,"Home Goods & Electronics",NULL
2022,"Home Goods & Electronics",NULL
2022,"Home Goods & Electronics",NULL
2022,"Home Goods & Electronics",0
2022,"Home Goods & Electronics",200
2022,"Home Goods & Electronics",1800
2022,"Home Goods & Electronics",0
2022,"Home Goods & Electronics",0
2022,"Home Goods & Electronics",200
2022,"Home Goods & Electronics",NULL
2022,"Home Goods & Electronics",NULL
2022,"Home Goods & Electronics",100
2022,"Home Goods & Electronics",0
2022,"Home Goods & Electronics",0
2022,"Home Goods & Electronics",300
2010,"Miscellaneous",NULL
2010,"Miscellaneous",0
2010,"Miscellaneous",900
2010,"Miscellaneous",200
2010,"Miscellaneous",0
2010,"Miscellaneous",2500
2010,"Miscellaneous",0
2010,"Miscellaneous",0
2010,"Miscellaneous",200
2010,"Miscellaneous",0
2010,"Miscellaneous",900
2010,"Miscellaneous",0
2010,"Miscellaneous",0
2010,"Miscellaneous",0
2010,"Miscellaneous",2600
2010,"Miscellaneous",0
2010,"Miscellaneous",0
2010,"Miscellaneous",0
2010,"Miscellaneous",500
2010,"Miscellaneous",0
2010,"Miscellaneous",0
2010,"Miscellaneous",0
2010,"Miscellaneous",2400
2010,"Miscellaneous",0
2010,"Miscellaneous",2500
2010,"Miscellaneous",0
2010,"Miscellaneous",0
2010,"Miscellaneous",0
2010,"Miscellaneous",2400
2010,"Miscellaneous",0
2010,"Miscellaneous",2800
2010,"Miscellaneous",0
2010,"Miscellaneous",0
2010,"Miscellaneous",0
2010,"Miscellaneous",0
2010,"Miscellaneous",0
2011,"Miscellaneous",0
2011,"Miscellaneous",700
2011,"Miscellaneous",0
2011,"Miscellaneous",600
2011,"Miscellaneous",300
2011,"Miscellaneous",0
2011,"Miscellaneous",0
2011,"Miscellaneous",3100
2011,"Miscellaneous",0
2011,"Miscellaneous",0
2011,"Miscellaneous",700
2011,"Miscellaneous",200
2011,"Miscellaneous",0
2011,"Miscellaneous",0
2011,"Miscellaneous",600
2011,"Miscellaneous",0
2011,"Miscellaneous",0
2011,"Miscellaneous",2400
2011,"Miscellaneous",0
2011,"Miscellaneous",0
2011,"Miscellaneous",600
2011,"Miscellaneous",0
2011,"Miscellaneous",0
2011,"Miscellaneous",0
2011,"Miscellaneous",2600
2011,"Miscellaneous",0
2011,"Miscellaneous",200
2011,"Miscellaneous",0
2011,"Miscellaneous",0
2011,"Miscellaneous",0
2011,"Miscellaneous",700
2011,"Miscellaneous",200
2011,"Miscellaneous",0
2011,"Miscellaneous",100
2011,"Miscellaneous",0
2011,"Miscellaneous",0
2012,"Miscellaneous",0
2012,"Miscellaneous",600
2012,"Miscellaneous",300
2012,"Miscellaneous",0
2012,"Miscellaneous",0
2012,"Miscellaneous",2400
2012,"Miscellaneous",0
2012,"Miscellaneous",0
2012,"Miscellaneous",0
2012,"Miscellaneous",0
2012,"Miscellaneous",200
2012,"Miscellaneous",0
2012,"Miscellaneous",0
2012,"Miscellaneous",0
2012,"Miscellaneous",500
2012,"Miscellaneous",400
2012,"Miscellaneous",0
2012,"Miscellaneous",0
2012,"Miscellaneous",200
2012,"Miscellaneous",0
2012,"Miscellaneous",700
2012,"Miscellaneous",0
2012,"Miscellaneous",0
2012,"Miscellaneous",200
2012,"Miscellaneous",0
2012,"Miscellaneous",700
2012,"Miscellaneous",0
2012,"Miscellaneous",0
2012,"Miscellaneous",600
2012,"Miscellaneous",0
2012,"Miscellaneous",600
2012,"Miscellaneous",0
2012,"Miscellaneous",0
2012,"Miscellaneous",0
2012,"Miscellaneous",2200
2012,"Miscellaneous",0
2013,"Miscellaneous",0
2013,"Miscellaneous",0
2013,"Miscellaneous",0
2013,"Miscellaneous",2300
2013,"Miscellaneous",0
2013,"Miscellaneous",2200
2013,"Miscellaneous",0
2013,"Miscellaneous",600
2013,"Miscellaneous",200
2013,"Miscellaneous",0
2013,"Miscellaneous",700
2013,"Miscellaneous",200
2013,"Miscellaneous",0
2013,"Miscellaneous",0
2013,"Miscellaneous",3200
2013,"Miscellaneous",0
2013,"Miscellaneous",0
2013,"Miscellaneous",500
2013,"Miscellaneous",300
2013,"Miscellaneous",0
2013,"Miscellaneous",2500
2013,"Miscellaneous",0
2013,"Miscellaneous",2800
2013,"Miscellaneous",0
2013,"Miscellaneous",0
2013,"Miscellaneous",600
2013,"Miscellaneous",0
2013,"Miscellaneous",2400
2013,"Miscellaneous",0
2013,"Miscellaneous",0
2013,"Miscellaneous",0
2013,"Miscellaneous",0
2013,"Miscellaneous",0
2013,"Miscellaneous",0
2013,"Miscellaneous",0
2013,"Miscellaneous",2600
2014,"Miscellaneous",0
2014,"Miscellaneous",200
2014,"Miscellaneous",0
2014,"Miscellaneous",600
2014,"Miscellaneous",0
2014,"Miscellaneous",0
2014,"Miscellaneous",2400
2014,"Miscellaneous",0
2014,"Miscellaneous",2600
2014,"Miscellaneous",0
2014,"Miscellaneous",0
2014,"Miscellaneous",2600
2014,"Miscellaneous",0
2014,"Miscellaneous",0
2014,"Miscellaneous",500
2014,"Miscellaneous",500
2014,"Miscellaneous",0
2014,"Miscellaneous",0
2014,"Miscellaneous",0
2014,"Miscellaneous",600
2014,"Miscellaneous",0
2014,"Miscellaneous",200
2014,"Miscellaneous",0
2014,"Miscellaneous",600
2014,"Miscellaneous",0
2014,"Miscellaneous",0
2014,"Miscellaneous",2400
2014,"Miscellaneous",0
2014,"Miscellaneous",0
2014,"Miscellaneous",600
2014,"Miscellaneous",300
2014,"Miscellaneous",0
2014,"Miscellaneous",600
2014,"Miscellaneous",200
2014,"Miscellaneous",0
2014,"Miscellaneous",600
2015,"Miscellaneous",0
2015,"Miscellaneous",0
2015,"Miscellaneous",0
2015,"Miscellaneous",600
2015,"Miscellaneous",200
2015,"Miscellaneous",0
2015,"Miscellaneous",2700
2015,"Miscellaneous",0
2015,"Miscellaneous",0
2015,"Miscellaneous",0
2015,"Miscellaneous",700
2015,"Miscellaneous",0
2015,"Miscellaneous",700
2015,"Miscellaneous",200
2015,"Miscellaneous",0
2015,"Miscellaneous",500
2015,"Miscellaneous",300
2015,"Miscellaneous",0
2015,"Miscellaneous",0
2015,"Miscellaneous",0
2015,"Miscellaneous",0
2015,"Miscellaneous",0
2015,"Miscellaneous",0
2015,"Miscellaneous",2500
2015,"Miscellaneous",0
2015,"Miscellaneous",0
2015,"Miscellaneous",300
2015,"Miscellaneous",0
2015,"Miscellaneous",0
2015,"Miscellaneous",0
2015,"Miscellaneous",3400
2015,"Miscellaneous",0
2015,"Miscellaneous",500
2015,"Miscellaneous",300
2015,"Miscellaneous",0
2015,"Miscellaneous",700
2016,"Miscellaneous",300
2016,"Miscellaneous",0
2016,"Miscellaneous",0
2016,"Miscellaneous",0
2016,"Miscellaneous",0
2016,"Miscellaneous",2900
2016,"Miscellaneous",0
2016,"Miscellaneous",300
2016,"Miscellaneous",0
2016,"Miscellaneous",600
2016,"Miscellaneous",500
2016,"Miscellaneous",0
2016,"Miscellaneous",2900
2016,"Miscellaneous",0
2016,"Miscellaneous",3300
2016,"Miscellaneous",0
2016,"Miscellaneous",0
2016,"Miscellaneous",3200
2016,"Miscellaneous",0
2016,"Miscellaneous",0
2016,"Miscellaneous",300
2016,"Miscellaneous",0
2016,"Miscellaneous",600
2016,"Miscellaneous",0
2016,"Miscellaneous",0
2016,"Miscellaneous",0
2016,"Miscellaneous",700
2016,"Miscellaneous",0
2016,"Miscellaneous",400
2016,"Miscellaneous",0
2016,"Miscellaneous",0
2016,"Miscellaneous",3300
2016,"Miscellaneous",0
2016,"Miscellaneous",0
2016,"Miscellaneous",0
2016,"Miscellaneous",500
2017,"Miscellaneous",500
2017,"Miscellaneous",0
2017,"Miscellaneous",0
2017,"Miscellaneous",600
2017,"Miscellaneous",0
2017,"Miscellaneous",3600
2017,"Miscellaneous",0
2017,"Miscellaneous",2900
2017,"Miscellaneous",0
2017,"Miscellaneous",300
2017,"Miscellaneous",0
2017,"Miscellaneous",3300
2017,"Miscellaneous",0
2017,"Miscellaneous",0
2017,"Miscellaneous",700
2017,"Miscellaneous",300
2017,"Miscellaneous",0
2017,"Miscellaneous",0
2017,"Miscellaneous",400
2017,"Miscellaneous",0
2017,"Miscellaneous",700
2017,"Miscellaneous",0
2017,"Miscellaneous",0
2017,"Miscellaneous",500
2017,"Miscellaneous",0
2017,"Miscellaneous",400
2017,"Miscellaneous",0
2017,"Miscellaneous",3000
2017,"Miscellaneous",0
2017,"Miscellaneous",0
2017,"Miscellaneous",600
2017,"Miscellaneous",0
2017,"Miscellaneous",0
2017,"Miscellaneous",0
2017,"Miscellaneous",700
2017,"Miscellaneous",0
2018,"Miscellaneous",3500
2018,"Miscellaneous",0
2018,"Miscellaneous",500
2018,"Miscellaneous",0
2018,"Miscellaneous",3900
2018,"Miscellaneous",0
2018,"Miscellaneous",0
2018,"Miscellaneous",600
2018,"Miscellaneous",0
2018,"Miscellaneous",0
2018,"Miscellaneous",3600
2018,"Miscellaneous",0
2018,"Miscellaneous",600
2018,"Miscellaneous",0
2018,"Miscellaneous",3400
2018,"Miscellaneous",0
2018,"Miscellaneous",0
2018,"Miscellaneous",3500
2018,"Miscellaneous",0
2018,"Miscellaneous",400
2018,"Miscellaneous",0
2018,"Miscellaneous",3800
2018,"Miscellaneous",0
2018,"Miscellaneous",5000
2018,"Miscellaneous",0
2018,"Miscellaneous",0
2018,"Miscellaneous",700
2018,"Miscellaneous",0
2018,"Miscellaneous",0
2018,"Miscellaneous",0
2018,"Miscellaneous",3600
2018,"Miscellaneous",0
2018,"Miscellaneous",0
2018,"Miscellaneous",0
2018,"Miscellaneous",0
2018,"Miscellaneous",3600
2019,"Miscellaneous",0
2019,"Miscellaneous",3600
2019,"Miscellaneous",0
2019,"Miscellaneous",0
2019,"Miscellaneous",600
2019,"Miscellaneous",0
2019,"Miscellaneous",0
2019,"Miscellaneous",800
2019,"Miscellaneous",0
2019,"Miscellaneous",500
2019,"Miscellaneous",0
2019,"Miscellaneous",3400
2019,"Miscellaneous",0
2019,"Miscellaneous",4000
2019,"Miscellaneous",0
2019,"Miscellaneous",0
2019,"Miscellaneous",500
2019,"Miscellaneous",400
2019,"Miscellaneous",0
2019,"Miscellaneous",0
2019,"Miscellaneous",0
2019,"Miscellaneous",4100
2019,"Miscellaneous",0
2019,"Miscellaneous",0
2019,"Miscellaneous",0
2019,"Miscellaneous",500
2019,"Miscellaneous",0
2019,"Miscellaneous",400
2019,"Miscellaneous",0
2019,"Miscellaneous",6100
2019,"Miscellaneous",0
2019,"Miscellaneous",0
2019,"Miscellaneous",0
2019,"Miscellaneous",3600
2019,"Miscellaneous",0
2019,"Miscellaneous",0
2020,"Miscellaneous",0
2020,"Miscellaneous",500
2020,"Miscellaneous",0
2020,"Miscellaneous",0
2020,"Miscellaneous",400
2020,"Miscellaneous",0
2020,"Miscellaneous",4900
2020,"Miscellaneous",0
2020,"Miscellaneous",0
2020,"Miscellaneous",0
2020,"Miscellaneous",0
2020,"Miscellaneous",600
2020,"Miscellaneous",0
2020,"Miscellaneous",3500
2020,"Miscellaneous",0
2020,"Miscellaneous",0
2020,"Miscellaneous",600
2020,"Miscellaneous",400
2020,"Miscellaneous",0
2020,"Miscellaneous",0
2020,"Miscellaneous",200
2020,"Miscellaneous",8000
2020,"Miscellaneous",0
2020,"Miscellaneous",0
2020,"Miscellaneous",600
2020,"Miscellaneous",0
2020,"Miscellaneous",7500
2020,"Miscellaneous",0
2020,"Miscellaneous",900
2020,"Miscellaneous",0
2020,"Miscellaneous",5900
2020,"Miscellaneous",0
2020,"Miscellaneous",0
2020,"Miscellaneous",600
2020,"Miscellaneous",600
2020,"Miscellaneous",0
2021,"Miscellaneous",9800
2021,"Miscellaneous",0
2021,"Miscellaneous",0
2021,"Miscellaneous",400
2021,"Miscellaneous",0
2021,"Miscellaneous",0
2021,"Miscellaneous",0
2021,"Miscellaneous",6700
2021,"Miscellaneous",0
2021,"Miscellaneous",0
2021,"Miscellaneous",0
2021,"Miscellaneous",600
2021,"Miscellaneous",500
2021,"Miscellaneous",0
2021,"Miscellaneous",0
2021,"Miscellaneous",4300
2021,"Miscellaneous",0
2021,"Miscellaneous",0
2021,"Miscellaneous",0
2021,"Miscellaneous",800
2021,"Miscellaneous",500
2021,"Miscellaneous",0
2021,"Miscellaneous",500
2021,"Miscellaneous",0
2021,"Miscellaneous",0
2021,"Miscellaneous",0
2021,"Miscellaneous",0
2021,"Miscellaneous",600
2021,"Miscellaneous",0
2021,"Miscellaneous",500
2021,"Miscellaneous",0
2021,"Miscellaneous",0
2021,"Miscellaneous",0
2021,"Miscellaneous",300
2021,"Miscellaneous",800
2021,"Miscellaneous",0
2022,"Miscellaneous",700
2022,"Miscellaneous",500
2022,"Miscellaneous",0
2022,"Miscellaneous",0
2022,"Miscellaneous",0
2022,"Miscellaneous",0
2022,"Miscellaneous",0
2022,"Miscellaneous",5000
2022,"Miscellaneous",0
2022,"Miscellaneous",700
2022,"Miscellaneous",0
2022,"Miscellaneous",0
2022,"Miscellaneous",500
2022,"Miscellaneous",0
2022,"Miscellaneous",0
2022,"Miscellaneous",0
2022,"Miscellaneous",0
2022,"Miscellaneous",800
2022,"Miscellaneous",0
2022,"Miscellaneous",700
2022,"Miscellaneous",0
2022,"Miscellaneous",500
2022,"Miscellaneous",0
2022,"Miscellaneous",0
2022,"Miscellaneous",4400
2022,"Miscellaneous",0
2022,"Miscellaneous",600
2022,"Miscellaneous",0
2022,"Miscellaneous",700
2022,"Miscellaneous",500
2022,"Miscellaneous",0
2022,"Miscellaneous",500
2022,"Miscellaneous",0
2022,"Miscellaneous",5300
2022,"Miscellaneous",0
2022,"Miscellaneous",0
2010,"Office Supplies & Gifts",NULL
2010,"Office Supplies & Gifts",0
2010,"Office Supplies & Gifts",0
2010,"Office Supplies & Gifts",100
2010,"Office Supplies & Gifts",0
2010,"Office Supplies & Gifts",0
2010,"Office Supplies & Gifts",0
2010,"Office Supplies & Gifts",0
2010,"Office Supplies & Gifts",0
2010,"Office Supplies & Gifts",0
2010,"Office Supplies & Gifts",0
2010,"Office Supplies & Gifts",0
2010,"Office Supplies & Gifts",0
2010,"Office Supplies & Gifts",0
2010,"Office Supplies & Gifts",0
2010,"Office Supplies & Gifts",100
2010,"Office Supplies & Gifts",0
2010,"Office Supplies & Gifts",0
2010,"Office Supplies & Gifts",0
2010,"Office Supplies & Gifts",0
2010,"Office Supplies & Gifts",0
2010,"Office Supplies & Gifts",0
2010,"Office Supplies & Gifts",100
2010,"Office Supplies & Gifts",0
2010,"Office Supplies & Gifts",0
2010,"Office Supplies & Gifts",0
2010,"Office Supplies & Gifts",0
2010,"Office Supplies & Gifts",0
2010,"Office Supplies & Gifts",0
2010,"Office Supplies & Gifts",0
2010,"Office Supplies & Gifts",0
2010,"Office Supplies & Gifts",100
2010,"Office Supplies & Gifts",0
2010,"Office Supplies & Gifts",0
2010,"Office Supplies & Gifts",0
2010,"Office Supplies & Gifts",100
2011,"Office Supplies & Gifts",0
2011,"Office Supplies & Gifts",0
2011,"Office Supplies & Gifts",0
2011,"Office Supplies & Gifts",0
2011,"Office Supplies & Gifts",0
2011,"Office Supplies & Gifts",0
2011,"Office Supplies & Gifts",100
2011,"Office Supplies & Gifts",0
2011,"Office Supplies & Gifts",0
2011,"Office Supplies & Gifts",0
2011,"Office Supplies & Gifts",0
2011,"Office Supplies & Gifts",100
2011,"Office Supplies & Gifts",0
2011,"Office Supplies & Gifts",0
2011,"Office Supplies & Gifts",0
2011,"Office Supplies & Gifts",100
2011,"Office Supplies & Gifts",0
2011,"Office Supplies & Gifts",100
2011,"Office Supplies & Gifts",0
2011,"Office Supplies & Gifts",0
2011,"Office Supplies & Gifts",0
2011,"Office Supplies & Gifts",0
2011,"Office Supplies & Gifts",0
2011,"Office Supplies & Gifts",0
2011,"Office Supplies & Gifts",0
2011,"Office Supplies & Gifts",0
2011,"Office Supplies & Gifts",0
2011,"Office Supplies & Gifts",200
2011,"Office Supplies & Gifts",0
2011,"Office Supplies & Gifts",0
2011,"Office Supplies & Gifts",0
2011,"Office Supplies & Gifts",100
2011,"Office Supplies & Gifts",0
2011,"Office Supplies & Gifts",0
2011,"Office Supplies & Gifts",0
2011,"Office Supplies & Gifts",0
2012,"Office Supplies & Gifts",0
2012,"Office Supplies & Gifts",100
2012,"Office Supplies & Gifts",0
2012,"Office Supplies & Gifts",0
2012,"Office Supplies & Gifts",100
2012,"Office Supplies & Gifts",0
2012,"Office Supplies & Gifts",100
2012,"Office Supplies & Gifts",0
2012,"Office Supplies & Gifts",0
2012,"Office Supplies & Gifts",0
2012,"Office Supplies & Gifts",0
2012,"Office Supplies & Gifts",0
2012,"Office Supplies & Gifts",100
2012,"Office Supplies & Gifts",0
2012,"Office Supplies & Gifts",0
2012,"Office Supplies & Gifts",0
2012,"Office Supplies & Gifts",0
2012,"Office Supplies & Gifts",0
2012,"Office Supplies & Gifts",0
2012,"Office Supplies & Gifts",0
2012,"Office Supplies & Gifts",0
2012,"Office Supplies & Gifts",100
2012,"Office Supplies & Gifts",0
2012,"Office Supplies & Gifts",0
2012,"Office Supplies & Gifts",0
2012,"Office Supplies & Gifts",0
2012,"Office Supplies & Gifts",0
2012,"Office Supplies & Gifts",0
2012,"Office Supplies & Gifts",0
2012,"Office Supplies & Gifts",0
2012,"Office Supplies & Gifts",0
2012,"Office Supplies & Gifts",0
2012,"Office Supplies & Gifts",0
2012,"Office Supplies & Gifts",0
2012,"Office Supplies & Gifts",0
2012,"Office Supplies & Gifts",0
2013,"Office Supplies & Gifts",100
2013,"Office Supplies & Gifts",0
2013,"Office Supplies & Gifts",0
2013,"Office Supplies & Gifts",0
2013,"Office Supplies & Gifts",0
2013,"Office Supplies & Gifts",0
2013,"Office Supplies & Gifts",0
2013,"Office Supplies & Gifts",100
2013,"Office Supplies & Gifts",0
2013,"Office Supplies & Gifts",0
2013,"Office Supplies & Gifts",100
2013,"Office Supplies & Gifts",0
2013,"Office Supplies & Gifts",0
2013,"Office Supplies & Gifts",0
2013,"Office Supplies & Gifts",0
2013,"Office Supplies & Gifts",0
2013,"Office Supplies & Gifts",0
2013,"Office Supplies & Gifts",0
2013,"Office Supplies & Gifts",0
2013,"Office Supplies & Gifts",0
2013,"Office Supplies & Gifts",0
2013,"Office Supplies & Gifts",0
2013,"Office Supplies & Gifts",0
2013,"Office Supplies & Gifts",0
2013,"Office Supplies & Gifts",0
2013,"Office Supplies & Gifts",0
2013,"Office Supplies & Gifts",0
2013,"Office Supplies & Gifts",100
2013,"Office Supplies & Gifts",0
2013,"Office Supplies & Gifts",0
2013,"Office Supplies & Gifts",100
2013,"Office Supplies & Gifts",0
2013,"Office Supplies & Gifts",0
2013,"Office Supplies & Gifts",100
2013,"Office Supplies & Gifts",0
2013,"Office Supplies & Gifts",0
2014,"Office Supplies & Gifts",0
2014,"Office Supplies & Gifts",0
2014,"Office Supplies & Gifts",0
2014,"Office Supplies & Gifts",0
2014,"Office Supplies & Gifts",0
2014,"Office Supplies & Gifts",100
2014,"Office Supplies & Gifts",0
2014,"Office Supplies & Gifts",0
2014,"Office Supplies & Gifts",100
2014,"Office Supplies & Gifts",0
2014,"Office Supplies & Gifts",0
2014,"Office Supplies & Gifts",0
2014,"Office Supplies & Gifts",0
2014,"Office Supplies & Gifts",0
2014,"Office Supplies & Gifts",0
2014,"Office Supplies & Gifts",0
2014,"Office Supplies & Gifts",0
2014,"Office Supplies & Gifts",100
2014,"Office Supplies & Gifts",0
2014,"Office Supplies & Gifts",0
2014,"Office Supplies & Gifts",0
2014,"Office Supplies & Gifts",100
2014,"Office Supplies & Gifts",0
2014,"Office Supplies & Gifts",0
2014,"Office Supplies & Gifts",100
2014,"Office Supplies & Gifts",0
2014,"Office Supplies & Gifts",0
2014,"Office Supplies & Gifts",0
2014,"Office Supplies & Gifts",0
2014,"Office Supplies & Gifts",0
2014,"Office Supplies & Gifts",0
2014,"Office Supplies & Gifts",0
2014,"Office Supplies & Gifts",0
2014,"Office Supplies & Gifts",100
2014,"Office Supplies & Gifts",0
2014,"Office Supplies & Gifts",0
2015,"Office Supplies & Gifts",0
2015,"Office Supplies & Gifts",100
2015,"Office Supplies & Gifts",0
2015,"Office Supplies & Gifts",0
2015,"Office Supplies & Gifts",0
2015,"Office Supplies & Gifts",0
2015,"Office Supplies & Gifts",0
2015,"Office Supplies & Gifts",100
2015,"Office Supplies & Gifts",0
2015,"Office Supplies & Gifts",0
2015,"Office Supplies & Gifts",0
2015,"Office Supplies & Gifts",0
2015,"Office Supplies & Gifts",0
2015,"Office Supplies & Gifts",0
2015,"Office Supplies & Gifts",0
2015,"Office Supplies & Gifts",100
2015,"Office Supplies & Gifts",0
2015,"Office Supplies & Gifts",0
2015,"Office Supplies & Gifts",0
2015,"Office Supplies & Gifts",0
2015,"Office Supplies & Gifts",0
2015,"Office Supplies & Gifts",100
2015,"Office Supplies & Gifts",0
2015,"Office Supplies & Gifts",0
2015,"Office Supplies & Gifts",0
2015,"Office Supplies & Gifts",0
2015,"Office Supplies & Gifts",0
2015,"Office Supplies & Gifts",0
2015,"Office Supplies & Gifts",0
2015,"Office Supplies & Gifts",0
2015,"Office Supplies & Gifts",0
2015,"Office Supplies & Gifts",0
2015,"Office Supplies & Gifts",0
2015,"Office Supplies & Gifts",0
2015,"Office Supplies & Gifts",0
2015,"Office Supplies & Gifts",0
2016,"Office Supplies & Gifts",0
2016,"Office Supplies & Gifts",200
2016,"Office Supplies & Gifts",0
2016,"Office Supplies & Gifts",0
2016,"Office Supplies & Gifts",0
2016,"Office Supplies & Gifts",0
2016,"Office Supplies & Gifts",0
2016,"Office Supplies & Gifts",100
2016,"Office Supplies & Gifts",0
2016,"Office Supplies & Gifts",0
2016,"Office Supplies & Gifts",0
2016,"Office Supplies & Gifts",100
2016,"Office Supplies & Gifts",0
2016,"Office Supplies & Gifts",0
2016,"Office Supplies & Gifts",0
2016,"Office Supplies & Gifts",0
2016,"Office Supplies & Gifts",0
2016,"Office Supplies & Gifts",0
2016,"Office Supplies & Gifts",0
2016,"Office Supplies & Gifts",0
2016,"Office Supplies & Gifts",0
2016,"Office Supplies & Gifts",0
2016,"Office Supplies & Gifts",100
2016,"Office Supplies & Gifts",0
2016,"Office Supplies & Gifts",0
2016,"Office Supplies & Gifts",0
2016,"Office Supplies & Gifts",0
2016,"Office Supplies & Gifts",0
2016,"Office Supplies & Gifts",0
2016,"Office Supplies & Gifts",0
2016,"Office Supplies & Gifts",0
2016,"Office Supplies & Gifts",0
2016,"Office Supplies & Gifts",0
2016,"Office Supplies & Gifts",100
2016,"Office Supplies & Gifts",0
2016,"Office Supplies & Gifts",0
2017,"Office Supplies & Gifts",0
2017,"Office Supplies & Gifts",0
2017,"Office Supplies & Gifts",0
2017,"Office Supplies & Gifts",0
2017,"Office Supplies & Gifts",0
2017,"Office Supplies & Gifts",0
2017,"Office Supplies & Gifts",0
2017,"Office Supplies & Gifts",0
2017,"Office Supplies & Gifts",0
2017,"Office Supplies & Gifts",0
2017,"Office Supplies & Gifts",0
2017,"Office Supplies & Gifts",0
2017,"Office Supplies & Gifts",100
2017,"Office Supplies & Gifts",0
2017,"Office Supplies & Gifts",0
2017,"Office Supplies & Gifts",0
2017,"Office Supplies & Gifts",0
2017,"Office Supplies & Gifts",0
2017,"Office Supplies & Gifts",0
2017,"Office Supplies & Gifts",100
2017,"Office Supplies & Gifts",0
2017,"Office Supplies & Gifts",0
2017,"Office Supplies & Gifts",0
2017,"Office Supplies & Gifts",100
2017,"Office Supplies & Gifts",0
2017,"Office Supplies & Gifts",0
2017,"Office Supplies & Gifts",0
2017,"Office Supplies & Gifts",0
2017,"Office Supplies & Gifts",0
2017,"Office Supplies & Gifts",0
2017,"Office Supplies & Gifts",0
2017,"Office Supplies & Gifts",0
2017,"Office Supplies & Gifts",0
2017,"Office Supplies & Gifts",0
2017,"Office Supplies & Gifts",0
2017,"Office Supplies & Gifts",0
2018,"Office Supplies & Gifts",0
2018,"Office Supplies & Gifts",0
2018,"Office Supplies & Gifts",0
2018,"Office Supplies & Gifts",200
2018,"Office Supplies & Gifts",0
2018,"Office Supplies & Gifts",0
2018,"Office Supplies & Gifts",0
2018,"Office Supplies & Gifts",0
2018,"Office Supplies & Gifts",0
2018,"Office Supplies & Gifts",100
2018,"Office Supplies & Gifts",0
2018,"Office Supplies & Gifts",0
2018,"Office Supplies & Gifts",100
2018,"Office Supplies & Gifts",0
2018,"Office Supplies & Gifts",0
2018,"Office Supplies & Gifts",100
2018,"Office Supplies & Gifts",0
2018,"Office Supplies & Gifts",0
2018,"Office Supplies & Gifts",100
2018,"Office Supplies & Gifts",0
2018,"Office Supplies & Gifts",100
2018,"Office Supplies & Gifts",0
2018,"Office Supplies & Gifts",0
2018,"Office Supplies & Gifts",100
2018,"Office Supplies & Gifts",0
2018,"Office Supplies & Gifts",0
2018,"Office Supplies & Gifts",100
2018,"Office Supplies & Gifts",0
2018,"Office Supplies & Gifts",0
2018,"Office Supplies & Gifts",0
2018,"Office Supplies & Gifts",0
2018,"Office Supplies & Gifts",0
2018,"Office Supplies & Gifts",0
2018,"Office Supplies & Gifts",200
2018,"Office Supplies & Gifts",0
2018,"Office Supplies & Gifts",0
2019,"Office Supplies & Gifts",0
2019,"Office Supplies & Gifts",0
2019,"Office Supplies & Gifts",0
2019,"Office Supplies & Gifts",0
2019,"Office Supplies & Gifts",0
2019,"Office Supplies & Gifts",0
2019,"Office Supplies & Gifts",0
2019,"Office Supplies & Gifts",0
2019,"Office Supplies & Gifts",0
2019,"Office Supplies & Gifts",0
2019,"Office Supplies & Gifts",0
2019,"Office Supplies & Gifts",0
2019,"Office Supplies & Gifts",100
2019,"Office Supplies & Gifts",0
2019,"Office Supplies & Gifts",100
2019,"Office Supplies & Gifts",0
2019,"Office Supplies & Gifts",0
2019,"Office Supplies & Gifts",0
2019,"Office Supplies & Gifts",0
2019,"Office Supplies & Gifts",100
2019,"Office Supplies & Gifts",0
2019,"Office Supplies & Gifts",100
2019,"Office Supplies & Gifts",0
2019,"Office Supplies & Gifts",100
2019,"Office Supplies & Gifts",0
2019,"Office Supplies & Gifts",100
2019,"Office Supplies & Gifts",0
2019,"Office Supplies & Gifts",0
2019,"Office Supplies & Gifts",100
2019,"Office Supplies & Gifts",0
2019,"Office Supplies & Gifts",0
2019,"Office Supplies & Gifts",0
2019,"Office Supplies & Gifts",0
2019,"Office Supplies & Gifts",100
2019,"Office Supplies & Gifts",0
2019,"Office Supplies & Gifts",0
2020,"Office Supplies & Gifts",0
2020,"Office Supplies & Gifts",0
2020,"Office Supplies & Gifts",0
2020,"Office Supplies & Gifts",0
2020,"Office Supplies & Gifts",0
2020,"Office Supplies & Gifts",100
2020,"Office Supplies & Gifts",0
2020,"Office Supplies & Gifts",0
2020,"Office Supplies & Gifts",0
2020,"Office Supplies & Gifts",0
2020,"Office Supplies & Gifts",0
2020,"Office Supplies & Gifts",0
2020,"Office Supplies & Gifts",0
2020,"Office Supplies & Gifts",0
2020,"Office Supplies & Gifts",0
2020,"Office Supplies & Gifts",0
2020,"Office Supplies & Gifts",0
2020,"Office Supplies & Gifts",0
2020,"Office Supplies & Gifts",100
2020,"Office Supplies & Gifts",0
2020,"Office Supplies & Gifts",0
2020,"Office Supplies & Gifts",200
2020,"Office Supplies & Gifts",0
2020,"Office Supplies & Gifts",0
2020,"Office Supplies & Gifts",0
2020,"Office Supplies & Gifts",0
2020,"Office Supplies & Gifts",0
2020,"Office Supplies & Gifts",0
2020,"Office Supplies & Gifts",0
2020,"Office Supplies & Gifts",100
2020,"Office Supplies & Gifts",0
2020,"Office Supplies & Gifts",0
2020,"Office Supplies & Gifts",0
2020,"Office Supplies & Gifts",100
2020,"Office Supplies & Gifts",0
2020,"Office Supplies & Gifts",0
2021,"Office Supplies & Gifts",300
2021,"Office Supplies & Gifts",100
2021,"Office Supplies & Gifts",0
2021,"Office Supplies & Gifts",100
2021,"Office Supplies & Gifts",0
2021,"Office Supplies & Gifts",0
2021,"Office Supplies & Gifts",0
2021,"Office Supplies & Gifts",300
2021,"Office Supplies & Gifts",0
2021,"Office Supplies & Gifts",0
2021,"Office Supplies & Gifts",100
2021,"Office Supplies & Gifts",0
2021,"Office Supplies & Gifts",100
2021,"Office Supplies & Gifts",0
2021,"Office Supplies & Gifts",200
2021,"Office Supplies & Gifts",0
2021,"Office Supplies & Gifts",100
2021,"Office Supplies & Gifts",0
2021,"Office Supplies & Gifts",0
2021,"Office Supplies & Gifts",0
2021,"Office Supplies & Gifts",0
2021,"Office Supplies & Gifts",0
2021,"Office Supplies & Gifts",0
2021,"Office Supplies & Gifts",0
2021,"Office Supplies & Gifts",200
2021,"Office Supplies & Gifts",0
2021,"Office Supplies & Gifts",0
2021,"Office Supplies & Gifts",0
2021,"Office Supplies & Gifts",0
2021,"Office Supplies & Gifts",0
2021,"Office Supplies & Gifts",200
2021,"Office Supplies & Gifts",0
2021,"Office Supplies & Gifts",0
2021,"Office Supplies & Gifts",0
2021,"Office Supplies & Gifts",100
2021,"Office Supplies & Gifts",0
2022,"Office Supplies & Gifts",0
2022,"Office Supplies & Gifts",200
2022,"Office Supplies & Gifts",0
2022,"Office Supplies & Gifts",0
2022,"Office Supplies & Gifts",0
2022,"Office Supplies & Gifts",0
2022,"Office Supplies & Gifts",0
2022,"Office Supplies & Gifts",0
2022,"Office Supplies & Gifts",0
2022,"Office Supplies & Gifts",0
2022,"Office Supplies & Gifts",0
2022,"Office Supplies & Gifts",0
2022,"Office Supplies & Gifts",0
2022,"Office Supplies & Gifts",200
2022,"Office Supplies & Gifts",0
2022,"Office Supplies & Gifts",0
2022,"Office Supplies & Gifts",0
2022,"Office Supplies & Gifts",100
2022,"Office Supplies & Gifts",0
2022,"Office Supplies & Gifts",0
2022,"Office Supplies & Gifts",0
2022,"Office Supplies & Gifts",0
2022,"Office Supplies & Gifts",100
2022,"Office Supplies & Gifts",0
2022,"Office Supplies & Gifts",0
2022,"Office Supplies & Gifts",100
2022,"Office Supplies & Gifts",0
2022,"Office Supplies & Gifts",0
2022,"Office Supplies & Gifts",0
2022,"Office Supplies & Gifts",100
2022,"Office Supplies & Gifts",0
2022,"Office Supplies & Gifts",0
2022,"Office Supplies & Gifts",0
2022,"Office Supplies & Gifts",0
2022,"Office Supplies & Gifts",0
2022,"Office Supplies & Gifts",0
2010,"Restaurants & Bars",NULL
2010,"Restaurants & Bars",800
2010,"Restaurants & Bars",0
2010,"Restaurants & Bars",0
2010,"Restaurants & Bars",0
2010,"Restaurants & Bars",0
2010,"Restaurants & Bars",1700
2010,"Restaurants & Bars",0
2010,"Restaurants & Bars",800
2010,"Restaurants & Bars",100
2010,"Restaurants & Bars",0
2010,"Restaurants & Bars",0
2010,"Restaurants & Bars",0
2010,"Restaurants & Bars",0
2010,"Restaurants & Bars",0
2010,"Restaurants & Bars",0
2010,"Restaurants & Bars",0
2010,"Restaurants & Bars",0
2010,"Restaurants & Bars",2100
2010,"Restaurants & Bars",0
2010,"Restaurants & Bars",0
2010,"Restaurants & Bars",900
2010,"Restaurants & Bars",0
2010,"Restaurants & Bars",0
2010,"Restaurants & Bars",0
2010,"Restaurants & Bars",2200
2010,"Restaurants & Bars",0
2010,"Restaurants & Bars",1800
2010,"Restaurants & Bars",0
2010,"Restaurants & Bars",0
2010,"Restaurants & Bars",2100
2010,"Restaurants & Bars",0
2010,"Restaurants & Bars",0
2010,"Restaurants & Bars",0
2010,"Restaurants & Bars",0
2010,"Restaurants & Bars",0
2010,"Restaurants & Bars",0
2010,"Restaurants & Bars",2100
2010,"Restaurants & Bars",0
2010,"Restaurants & Bars",0
2010,"Restaurants & Bars",0
2010,"Restaurants & Bars",0
2010,"Restaurants & Bars",0
2010,"Restaurants & Bars",0
2010,"Restaurants & Bars",2200
2010,"Restaurants & Bars",0
2010,"Restaurants & Bars",0
2010,"Restaurants & Bars",0
2010,"Restaurants & Bars",2200
2010,"Restaurants & Bars",0
2010,"Restaurants & Bars",0
2010,"Restaurants & Bars",0
2010,"Restaurants & Bars",0
2010,"Restaurants & Bars",0
2010,"Restaurants & Bars",0
2010,"Restaurants & Bars",0
2010,"Restaurants & Bars",0
2010,"Restaurants & Bars",0
2010,"Restaurants & Bars",100
2010,"Restaurants & Bars",0
2011,"Restaurants & Bars",2600
2011,"Restaurants & Bars",0
2011,"Restaurants & Bars",0
2011,"Restaurants & Bars",0
2011,"Restaurants & Bars",0
2011,"Restaurants & Bars",0
2011,"Restaurants & Bars",0
2011,"Restaurants & Bars",0
2011,"Restaurants & Bars",2400
2011,"Restaurants & Bars",0
2011,"Restaurants & Bars",0
2011,"Restaurants & Bars",100
2011,"Restaurants & Bars",0
2011,"Restaurants & Bars",2300
2011,"Restaurants & Bars",0
2011,"Restaurants & Bars",0
2011,"Restaurants & Bars",100
2011,"Restaurants & Bars",0
2011,"Restaurants & Bars",2300
2011,"Restaurants & Bars",0
2011,"Restaurants & Bars",0
2011,"Restaurants & Bars",100
2011,"Restaurants & Bars",0
2011,"Restaurants & Bars",2300
2011,"Restaurants & Bars",0
2011,"Restaurants & Bars",0
2011,"Restaurants & Bars",100
2011,"Restaurants & Bars",0
2011,"Restaurants & Bars",2300
2011,"Restaurants & Bars",0
2011,"Restaurants & Bars",0
2011,"Restaurants & Bars",1900
2011,"Restaurants & Bars",0
2011,"Restaurants & Bars",0
2011,"Restaurants & Bars",0
2011,"Restaurants & Bars",0
2011,"Restaurants & Bars",0
2011,"Restaurants & Bars",0
2011,"Restaurants & Bars",2200
2011,"Restaurants & Bars",0
2011,"Restaurants & Bars",0
2011,"Restaurants & Bars",1900
2011,"Restaurants & Bars",0
2011,"Restaurants & Bars",0
2011,"Restaurants & Bars",0
2011,"Restaurants & Bars",0
2011,"Restaurants & Bars",100
2011,"Restaurants & Bars",0
2011,"Restaurants & Bars",2300
2011,"Restaurants & Bars",0
2011,"Restaurants & Bars",0
2011,"Restaurants & Bars",0
2011,"Restaurants & Bars",0
2011,"Restaurants & Bars",0
2011,"Restaurants & Bars",1900
2011,"Restaurants & Bars",0
2011,"Restaurants & Bars",0
2011,"Restaurants & Bars",0
2011,"Restaurants & Bars",2300
2011,"Restaurants & Bars",0
2012,"Restaurants & Bars",1000
2012,"Restaurants & Bars",0
2012,"Restaurants & Bars",900
2012,"Restaurants & Bars",100
2012,"Restaurants & Bars",0
2012,"Restaurants & Bars",800
2012,"Restaurants & Bars",100
2012,"Restaurants & Bars",0
2012,"Restaurants & Bars",0
2012,"Restaurants & Bars",100
2012,"Restaurants & Bars",0
2012,"Restaurants & Bars",1000
2012,"Restaurants & Bars",100
2012,"Restaurants & Bars",0
2012,"Restaurants & Bars",0
2012,"Restaurants & Bars",2300
2012,"Restaurants & Bars",0
2012,"Restaurants & Bars",0
2012,"Restaurants & Bars",0
2012,"Restaurants & Bars",100
2012,"Restaurants & Bars",0
2012,"Restaurants & Bars",2300
2012,"Restaurants & Bars",0
2012,"Restaurants & Bars",0
2012,"Restaurants & Bars",2000
2012,"Restaurants & Bars",0
2012,"Restaurants & Bars",0
2012,"Restaurants & Bars",0
2012,"Restaurants & Bars",1900
2012,"Restaurants & Bars",0
2012,"Restaurants & Bars",0
2012,"Restaurants & Bars",0
2012,"Restaurants & Bars",0
2012,"Restaurants & Bars",0
2012,"Restaurants & Bars",100
2012,"Restaurants & Bars",0
2012,"Restaurants & Bars",2300
2012,"Restaurants & Bars",0
2012,"Restaurants & Bars",0
2012,"Restaurants & Bars",1900
2012,"Restaurants & Bars",0
2012,"Restaurants & Bars",0
2012,"Restaurants & Bars",0
2012,"Restaurants & Bars",0
2012,"Restaurants & Bars",100
2012,"Restaurants & Bars",0
2012,"Restaurants & Bars",2400
2012,"Restaurants & Bars",0
2012,"Restaurants & Bars",0
2012,"Restaurants & Bars",0
2012,"Restaurants & Bars",2000
2012,"Restaurants & Bars",0
2012,"Restaurants & Bars",0
2012,"Restaurants & Bars",100
2012,"Restaurants & Bars",0
2012,"Restaurants & Bars",2000
2012,"Restaurants & Bars",0
2012,"Restaurants & Bars",0
2012,"Restaurants & Bars",0
2012,"Restaurants & Bars",100
2013,"Restaurants & Bars",0
2013,"Restaurants & Bars",2200
2013,"Restaurants & Bars",0
2013,"Restaurants & Bars",0
2013,"Restaurants & Bars",0
2013,"Restaurants & Bars",2300
2013,"Restaurants & Bars",0
2013,"Restaurants & Bars",0
2013,"Restaurants & Bars",100
2013,"Restaurants & Bars",0
2013,"Restaurants & Bars",2100
2013,"Restaurants & Bars",0
2013,"Restaurants & Bars",0
2013,"Restaurants & Bars",2400
2013,"Restaurants & Bars",0
2013,"Restaurants & Bars",0
2013,"Restaurants & Bars",2400
2013,"Restaurants & Bars",0
2013,"Restaurants & Bars",0
2013,"Restaurants & Bars",0
2013,"Restaurants & Bars",100
2013,"Restaurants & Bars",0
2013,"Restaurants & Bars",0
2013,"Restaurants & Bars",100
2013,"Restaurants & Bars",0
2013,"Restaurants & Bars",0
2013,"Restaurants & Bars",0
2013,"Restaurants & Bars",0
2013,"Restaurants & Bars",0
2013,"Restaurants & Bars",0
2013,"Restaurants & Bars",2500
2013,"Restaurants & Bars",0
2013,"Restaurants & Bars",0
2013,"Restaurants & Bars",100
2013,"Restaurants & Bars",0
2013,"Restaurants & Bars",0
2013,"Restaurants & Bars",0
2013,"Restaurants & Bars",0
2013,"Restaurants & Bars",0
2013,"Restaurants & Bars",2300
2013,"Restaurants & Bars",0
2013,"Restaurants & Bars",0
2013,"Restaurants & Bars",0
2013,"Restaurants & Bars",0
2013,"Restaurants & Bars",2300
2013,"Restaurants & Bars",0
2013,"Restaurants & Bars",0
2013,"Restaurants & Bars",0
2013,"Restaurants & Bars",100
2013,"Restaurants & Bars",0
2013,"Restaurants & Bars",2200
2013,"Restaurants & Bars",0
2013,"Restaurants & Bars",0
2013,"Restaurants & Bars",0
2013,"Restaurants & Bars",100
2013,"Restaurants & Bars",0
2013,"Restaurants & Bars",0
2013,"Restaurants & Bars",0
2013,"Restaurants & Bars",100
2013,"Restaurants & Bars",0
2014,"Restaurants & Bars",1100
2014,"Restaurants & Bars",0
2014,"Restaurants & Bars",0
2014,"Restaurants & Bars",0
2014,"Restaurants & Bars",100
2014,"Restaurants & Bars",0
2014,"Restaurants & Bars",2600
2014,"Restaurants & Bars",0
2014,"Restaurants & Bars",0
2014,"Restaurants & Bars",2100
2014,"Restaurants & Bars",0
2014,"Restaurants & Bars",0
2014,"Restaurants & Bars",100
2014,"Restaurants & Bars",0
2014,"Restaurants & Bars",2100
2014,"Restaurants & Bars",0
2014,"Restaurants & Bars",0
2014,"Restaurants & Bars",0
2014,"Restaurants & Bars",0
2014,"Restaurants & Bars",0
2014,"Restaurants & Bars",2700
2014,"Restaurants & Bars",0
2014,"Restaurants & Bars",0
2014,"Restaurants & Bars",2100
2014,"Restaurants & Bars",0
2014,"Restaurants & Bars",0
2014,"Restaurants & Bars",0
2014,"Restaurants & Bars",0
2014,"Restaurants & Bars",0
2014,"Restaurants & Bars",0
2014,"Restaurants & Bars",2600
2014,"Restaurants & Bars",0
2014,"Restaurants & Bars",0
2014,"Restaurants & Bars",100
2014,"Restaurants & Bars",0
2014,"Restaurants & Bars",2500
2014,"Restaurants & Bars",0
2014,"Restaurants & Bars",0
2014,"Restaurants & Bars",2200
2014,"Restaurants & Bars",0
2014,"Restaurants & Bars",0
2014,"Restaurants & Bars",0
2014,"Restaurants & Bars",100
2014,"Restaurants & Bars",0
2014,"Restaurants & Bars",2600
2014,"Restaurants & Bars",0
2014,"Restaurants & Bars",0
2014,"Restaurants & Bars",0
2014,"Restaurants & Bars",0
2014,"Restaurants & Bars",0
2014,"Restaurants & Bars",2600
2014,"Restaurants & Bars",0
2014,"Restaurants & Bars",0
2014,"Restaurants & Bars",100
2014,"Restaurants & Bars",0
2014,"Restaurants & Bars",2800
2014,"Restaurants & Bars",0
2014,"Restaurants & Bars",0
2014,"Restaurants & Bars",2200
2014,"Restaurants & Bars",0
2015,"Restaurants & Bars",0
2015,"Restaurants & Bars",0
2015,"Restaurants & Bars",100
2015,"Restaurants & Bars",0
2015,"Restaurants & Bars",0
2015,"Restaurants & Bars",0
2015,"Restaurants & Bars",0
2015,"Restaurants & Bars",2300
2015,"Restaurants & Bars",0
2015,"Restaurants & Bars",100
2015,"Restaurants & Bars",0
2015,"Restaurants & Bars",0
2015,"Restaurants & Bars",0
2015,"Restaurants & Bars",0
2015,"Restaurants & Bars",0
2015,"Restaurants & Bars",0
2015,"Restaurants & Bars",0
2015,"Restaurants & Bars",0
2015,"Restaurants & Bars",0
2015,"Restaurants & Bars",0
2015,"Restaurants & Bars",2500
2015,"Restaurants & Bars",0
2015,"Restaurants & Bars",100
2015,"Restaurants & Bars",0
2015,"Restaurants & Bars",0
2015,"Restaurants & Bars",2200
2015,"Restaurants & Bars",0
2015,"Restaurants & Bars",2300
2015,"Restaurants & Bars",0
2015,"Restaurants & Bars",0
2015,"Restaurants & Bars",2700
2015,"Restaurants & Bars",0
2015,"Restaurants & Bars",0
2015,"Restaurants & Bars",0
2015,"Restaurants & Bars",2500
2015,"Restaurants & Bars",0
2015,"Restaurants & Bars",0
2015,"Restaurants & Bars",0
2015,"Restaurants & Bars",100
2015,"Restaurants & Bars",0
2015,"Restaurants & Bars",0
2015,"Restaurants & Bars",2400
2015,"Restaurants & Bars",0
2015,"Restaurants & Bars",0
2015,"Restaurants & Bars",100
2015,"Restaurants & Bars",0
2015,"Restaurants & Bars",0
2015,"Restaurants & Bars",0
2015,"Restaurants & Bars",1300
2015,"Restaurants & Bars",0
2015,"Restaurants & Bars",0
2015,"Restaurants & Bars",0
2015,"Restaurants & Bars",0
2015,"Restaurants & Bars",1100
2015,"Restaurants & Bars",0
2015,"Restaurants & Bars",2300
2015,"Restaurants & Bars",0
2015,"Restaurants & Bars",0
2015,"Restaurants & Bars",0
2015,"Restaurants & Bars",0
2016,"Restaurants & Bars",0
2016,"Restaurants & Bars",100
2016,"Restaurants & Bars",0
2016,"Restaurants & Bars",0
2016,"Restaurants & Bars",2300
2016,"Restaurants & Bars",0
2016,"Restaurants & Bars",100
2016,"Restaurants & Bars",0
2016,"Restaurants & Bars",0
2016,"Restaurants & Bars",0
2016,"Restaurants & Bars",2300
2016,"Restaurants & Bars",0
2016,"Restaurants & Bars",0
2016,"Restaurants & Bars",0
2016,"Restaurants & Bars",0
2016,"Restaurants & Bars",0
2016,"Restaurants & Bars",0
2016,"Restaurants & Bars",0
2016,"Restaurants & Bars",2600
2016,"Restaurants & Bars",0
2016,"Restaurants & Bars",2500
2016,"Restaurants & Bars",0
2016,"Restaurants & Bars",0
2016,"Restaurants & Bars",0
2016,"Restaurants & Bars",0
2016,"Restaurants & Bars",2300
2016,"Restaurants & Bars",0
2016,"Restaurants & Bars",0
2016,"Restaurants & Bars",0
2016,"Restaurants & Bars",0
2016,"Restaurants & Bars",0
2016,"Restaurants & Bars",100
2016,"Restaurants & Bars",0
2016,"Restaurants & Bars",2200
2016,"Restaurants & Bars",0
2016,"Restaurants & Bars",0
2016,"Restaurants & Bars",100
2016,"Restaurants & Bars",0
2016,"Restaurants & Bars",2300
2016,"Restaurants & Bars",0
2016,"Restaurants & Bars",100
2016,"Restaurants & Bars",0
2016,"Restaurants & Bars",900
2016,"Restaurants & Bars",100
2016,"Restaurants & Bars",0
2016,"Restaurants & Bars",2200
2016,"Restaurants & Bars",0
2016,"Restaurants & Bars",0
2016,"Restaurants & Bars",0
2016,"Restaurants & Bars",2300
2016,"Restaurants & Bars",0
2016,"Restaurants & Bars",100
2016,"Restaurants & Bars",0
2016,"Restaurants & Bars",0
2016,"Restaurants & Bars",2200
2016,"Restaurants & Bars",0
2016,"Restaurants & Bars",100
2016,"Restaurants & Bars",0
2016,"Restaurants & Bars",0
2016,"Restaurants & Bars",0
2017,"Restaurants & Bars",0
2017,"Restaurants & Bars",0
2017,"Restaurants & Bars",0
2017,"Restaurants & Bars",2600
2017,"Restaurants & Bars",0
2017,"Restaurants & Bars",1000
2017,"Restaurants & Bars",0
2017,"Restaurants & Bars",100
2017,"Restaurants & Bars",0
2017,"Restaurants & Bars",0
2017,"Restaurants & Bars",0
2017,"Restaurants & Bars",0
2017,"Restaurants & Bars",0
2017,"Restaurants & Bars",0
2017,"Restaurants & Bars",0
2017,"Restaurants & Bars",0
2017,"Restaurants & Bars",1000
2017,"Restaurants & Bars",0
2017,"Restaurants & Bars",0
2017,"Restaurants & Bars",2900
2017,"Restaurants & Bars",0
2017,"Restaurants & Bars",0
2017,"Restaurants & Bars",100
2017,"Restaurants & Bars",0
2017,"Restaurants & Bars",0
2017,"Restaurants & Bars",0
2017,"Restaurants & Bars",0
2017,"Restaurants & Bars",0
2017,"Restaurants & Bars",900
2017,"Restaurants & Bars",100
2017,"Restaurants & Bars",0
2017,"Restaurants & Bars",2500
2017,"Restaurants & Bars",0
2017,"Restaurants & Bars",1100
2017,"Restaurants & Bars",0
2017,"Restaurants & Bars",100
2017,"Restaurants & Bars",0
2017,"Restaurants & Bars",0
2017,"Restaurants & Bars",2500
2017,"Restaurants & Bars",0
2017,"Restaurants & Bars",2300
2017,"Restaurants & Bars",0
2017,"Restaurants & Bars",0
2017,"Restaurants & Bars",0
2017,"Restaurants & Bars",0
2017,"Restaurants & Bars",100
2017,"Restaurants & Bars",0
2017,"Restaurants & Bars",0
2017,"Restaurants & Bars",0
2017,"Restaurants & Bars",0
2017,"Restaurants & Bars",0
2017,"Restaurants & Bars",0
2017,"Restaurants & Bars",100
2017,"Restaurants & Bars",0
2017,"Restaurants & Bars",100
2017,"Restaurants & Bars",0
2017,"Restaurants & Bars",0
2017,"Restaurants & Bars",0
2017,"Restaurants & Bars",0
2017,"Restaurants & Bars",0
2018,"Restaurants & Bars",0
2018,"Restaurants & Bars",0
2018,"Restaurants & Bars",0
2018,"Restaurants & Bars",0
2018,"Restaurants & Bars",0
2018,"Restaurants & Bars",0
2018,"Restaurants & Bars",100
2018,"Restaurants & Bars",0
2018,"Restaurants & Bars",0
2018,"Restaurants & Bars",0
2018,"Restaurants & Bars",0
2018,"Restaurants & Bars",0
2018,"Restaurants & Bars",0
2018,"Restaurants & Bars",NULL
2018,"Restaurants & Bars",NULL
2018,"Restaurants & Bars",0
2018,"Restaurants & Bars",100
2018,"Restaurants & Bars",0
2018,"Restaurants & Bars",0
2018,"Restaurants & Bars",100
2018,"Restaurants & Bars",0
2018,"Restaurants & Bars",NULL
2018,"Restaurants & Bars",NULL
2018,"Restaurants & Bars",0
2018,"Restaurants & Bars",NULL
2018,"Restaurants & Bars",NULL
2018,"Restaurants & Bars",0
2018,"Restaurants & Bars",NULL
2018,"Restaurants & Bars",NULL
2018,"Restaurants & Bars",0
2018,"Restaurants & Bars",0
2018,"Restaurants & Bars",0
2018,"Restaurants & Bars",0
2018,"Restaurants & Bars",2200
2018,"Restaurants & Bars",0
2018,"Restaurants & Bars",0
2018,"Restaurants & Bars",NULL
2018,"Restaurants & Bars",NULL
2018,"Restaurants & Bars",0
2018,"Restaurants & Bars",0
2018,"Restaurants & Bars",1000
2018,"Restaurants & Bars",0
2018,"Restaurants & Bars",0
2018,"Restaurants & Bars",0
2018,"Restaurants & Bars",0
2018,"Restaurants & Bars",0
2018,"Restaurants & Bars",0
2018,"Restaurants & Bars",NULL
2018,"Restaurants & Bars",NULL
2018,"Restaurants & Bars",NULL
2018,"Restaurants & Bars",NULL
2018,"Restaurants & Bars",NULL
2018,"Restaurants & Bars",0
2018,"Restaurants & Bars",0
2018,"Restaurants & Bars",0
2018,"Restaurants & Bars",NULL
2018,"Restaurants & Bars",NULL
2018,"Restaurants & Bars",0
2018,"Restaurants & Bars",100
2018,"Restaurants & Bars",NULL
2019,"Restaurants & Bars",NULL
2019,"Restaurants & Bars",0
2019,"Restaurants & Bars",0
2019,"Restaurants & Bars",100
2019,"Restaurants & Bars",0
2019,"Restaurants & Bars",NULL
2019,"Restaurants & Bars",NULL
2019,"Restaurants & Bars",0
2019,"Restaurants & Bars",0
2019,"Restaurants & Bars",NULL
2019,"Restaurants & Bars",NULL
2019,"Restaurants & Bars",0
2019,"Restaurants & Bars",NULL
2019,"Restaurants & Bars",NULL
2019,"Restaurants & Bars",0
2019,"Restaurants & Bars",0
2019,"Restaurants & Bars",0
2019,"Restaurants & Bars",0
2019,"Restaurants & Bars",0
2019,"Restaurants & Bars",0
2019,"Restaurants & Bars",NULL
2019,"Restaurants & Bars",NULL
2019,"Restaurants & Bars",0
2019,"Restaurants & Bars",100
2019,"Restaurants & Bars",NULL
2019,"Restaurants & Bars",NULL
2019,"Restaurants & Bars",NULL
2019,"Restaurants & Bars",0
2019,"Restaurants & Bars",0
2019,"Restaurants & Bars",100
2019,"Restaurants & Bars",NULL
2019,"Restaurants & Bars",NULL
2019,"Restaurants & Bars",0
2019,"Restaurants & Bars",NULL
2019,"Restaurants & Bars",NULL
2019,"Restaurants & Bars",0
2019,"Restaurants & Bars",0
2019,"Restaurants & Bars",0
2019,"Restaurants & Bars",0
2019,"Restaurants & Bars",0
2019,"Restaurants & Bars",0
2019,"Restaurants & Bars",0
2019,"Restaurants & Bars",100
2019,"Restaurants & Bars",0
2019,"Restaurants & Bars",NULL
2019,"Restaurants & Bars",NULL
2019,"Restaurants & Bars",NULL
2019,"Restaurants & Bars",0
2019,"Restaurants & Bars",0
2019,"Restaurants & Bars",100
2019,"Restaurants & Bars",0
2019,"Restaurants & Bars",0
2019,"Restaurants & Bars",NULL
2019,"Restaurants & Bars",NULL
2019,"Restaurants & Bars",0
2019,"Restaurants & Bars",0
2019,"Restaurants & Bars",0
2019,"Restaurants & Bars",100
2019,"Restaurants & Bars",NULL
2019,"Restaurants & Bars",NULL
2020,"Restaurants & Bars",0
2020,"Restaurants & Bars",NULL
2020,"Restaurants & Bars",NULL
2020,"Restaurants & Bars",NULL
2020,"Restaurants & Bars",NULL
2020,"Restaurants & Bars",0
2020,"Restaurants & Bars",NULL
2020,"Restaurants & Bars",NULL
2020,"Restaurants & Bars",0
2020,"Restaurants & Bars",0
2020,"Restaurants & Bars",NULL
2020,"Restaurants & Bars",NULL
2020,"Restaurants & Bars",NULL
2020,"Restaurants & Bars",NULL
2020,"Restaurants & Bars",NULL
2020,"Restaurants & Bars",NULL
2020,"Restaurants & Bars",NULL
2020,"Restaurants & Bars",0
2020,"Restaurants & Bars",0
2020,"Restaurants & Bars",NULL
2020,"Restaurants & Bars",NULL
2020,"Restaurants & Bars",NULL
2020,"Restaurants & Bars",NULL
2020,"Restaurants & Bars",NULL
2020,"Restaurants & Bars",0
2020,"Restaurants & Bars",100
2020,"Restaurants & Bars",NULL
2020,"Restaurants & Bars",NULL
2020,"Restaurants & Bars",0
2020,"Restaurants & Bars",NULL
2020,"Restaurants & Bars",NULL
2020,"Restaurants & Bars",NULL
2020,"Restaurants & Bars",NULL
2020,"Restaurants & Bars",0
2020,"Restaurants & Bars",0
2020,"Restaurants & Bars",0
2020,"Restaurants & Bars",0
2020,"Restaurants & Bars",NULL
2020,"Restaurants & Bars",NULL
2020,"Restaurants & Bars",NULL
2020,"Restaurants & Bars",NULL
2020,"Restaurants & Bars",0
2020,"Restaurants & Bars",NULL
2020,"Restaurants & Bars",NULL
2020,"Restaurants & Bars",NULL
2020,"Restaurants & Bars",NULL
2020,"Restaurants & Bars",100
2020,"Restaurants & Bars",NULL
2020,"Restaurants & Bars",NULL
2020,"Restaurants & Bars",NULL
2020,"Restaurants & Bars",NULL
2020,"Restaurants & Bars",NULL
2020,"Restaurants & Bars",NULL
2020,"Restaurants & Bars",NULL
2020,"Restaurants & Bars",NULL
2020,"Restaurants & Bars",NULL
2020,"Restaurants & Bars",NULL
2020,"Restaurants & Bars",100
2020,"Restaurants & Bars",NULL
2020,"Restaurants & Bars",NULL
2021,"Restaurants & Bars",100
2021,"Restaurants & Bars",NULL
2021,"Restaurants & Bars",NULL
2021,"Restaurants & Bars",0
2021,"Restaurants & Bars",NULL
2021,"Restaurants & Bars",NULL
2021,"Restaurants & Bars",NULL
2021,"Restaurants & Bars",NULL
2021,"Restaurants & Bars",NULL
2021,"Restaurants & Bars",NULL
2021,"Restaurants & Bars",0
2021,"Restaurants & Bars",0
2021,"Restaurants & Bars",0
2021,"Restaurants & Bars",0
2021,"Restaurants & Bars",0
2021,"Restaurants & Bars",NULL
2021,"Restaurants & Bars",NULL
2021,"Restaurants & Bars",NULL
2021,"Restaurants & Bars",NULL
2021,"Restaurants & Bars",0
2021,"Restaurants & Bars",0
2021,"Restaurants & Bars",NULL
2021,"Restaurants & Bars",NULL
2021,"Restaurants & Bars",0
2021,"Restaurants & Bars",NULL
2021,"Restaurants & Bars",NULL
2021,"Restaurants & Bars",NULL
2021,"Restaurants & Bars",NULL
2021,"Restaurants & Bars",0
2021,"Restaurants & Bars",0
2021,"Restaurants & Bars",0
2021,"Restaurants & Bars",NULL
2021,"Restaurants & Bars",NULL
2021,"Restaurants & Bars",NULL
2021,"Restaurants & Bars",NULL
2021,"Restaurants & Bars",0
2021,"Restaurants & Bars",NULL
2021,"Restaurants & Bars",NULL
2021,"Restaurants & Bars",NULL
2021,"Restaurants & Bars",NULL
2021,"Restaurants & Bars",NULL
2021,"Restaurants & Bars",NULL
2021,"Restaurants & Bars",NULL
2021,"Restaurants & Bars",NULL
2021,"Restaurants & Bars",0
2021,"Restaurants & Bars",NULL
2021,"Restaurants & Bars",NULL
2021,"Restaurants & Bars",NULL
2021,"Restaurants & Bars",NULL
2021,"Restaurants & Bars",NULL
2021,"Restaurants & Bars",NULL
2021,"Restaurants & Bars",NULL
2021,"Restaurants & Bars",NULL
2021,"Restaurants & Bars",0
2021,"Restaurants & Bars",NULL
2021,"Restaurants & Bars",NULL
2021,"Restaurants & Bars",NULL
2021,"Restaurants & Bars",NULL
2021,"Restaurants & Bars",NULL
2021,"Restaurants & Bars",NULL
2022,"Restaurants & Bars",NULL
2022,"Restaurants & Bars",NULL
2022,"Restaurants & Bars",NULL
2022,"Restaurants & Bars",NULL
2022,"Restaurants & Bars",0
2022,"Restaurants & Bars",NULL
2022,"Restaurants & Bars",NULL
2022,"Restaurants & Bars",NULL
2022,"Restaurants & Bars",NULL
2022,"Restaurants & Bars",0
2022,"Restaurants & Bars",0
2022,"Restaurants & Bars",NULL
2022,"Restaurants & Bars",NULL
2022,"Restaurants & Bars",NULL
2022,"Restaurants & Bars",NULL
2022,"Restaurants & Bars",NULL
2022,"Restaurants & Bars",100
2022,"Restaurants & Bars",NULL
2022,"Restaurants & Bars",NULL
2022,"Restaurants & Bars",0
2022,"Restaurants & Bars",0
2022,"Restaurants & Bars",NULL
2022,"Restaurants & Bars",NULL
2022,"Restaurants & Bars",0
2022,"Restaurants & Bars",NULL
2022,"Restaurants & Bars",NULL
2022,"Restaurants & Bars",NULL
2022,"Restaurants & Bars",NULL
2022,"Restaurants & Bars",100
2022,"Restaurants & Bars",NULL
2022,"Restaurants & Bars",NULL
2022,"Restaurants & Bars",NULL
2022,"Restaurants & Bars",NULL
2022,"Restaurants & Bars",0
2022,"Restaurants & Bars",NULL
2022,"Restaurants & Bars",NULL
2022,"Restaurants & Bars",NULL
2022,"Restaurants & Bars",NULL
2022,"Restaurants & Bars",100
2022,"Restaurants & Bars",0
2022,"Restaurants & Bars",NULL
2022,"Restaurants & Bars",NULL
2022,"Restaurants & Bars",NULL
2022,"Restaurants & Bars",NULL
2022,"Restaurants & Bars",NULL
2022,"Restaurants & Bars",NULL
2022,"Restaurants & Bars",0
2022,"Restaurants & Bars",NULL
2022,"Restaurants & Bars",NULL
2022,"Restaurants & Bars",NULL
2022,"Restaurants & Bars",NULL
2022,"Restaurants & Bars",NULL
2022,"Restaurants & Bars",NULL
2022,"Restaurants & Bars",0
2022,"Restaurants & Bars",NULL
2022,"Restaurants & Bars",NULL
2022,"Restaurants & Bars",NULL
2022,"Restaurants & Bars",NULL
2022,"Restaurants & Bars",0
2022,"Restaurants & Bars",NULL
2010,"Sports & Recreation",NULL
2010,"Sports & Recreation",0
2010,"Sports & Recreation",0
2010,"Sports & Recreation",300
2010,"Sports & Recreation",0
2010,"Sports & Recreation",0
2010,"Sports & Recreation",0
2010,"Sports & Recreation",200
2010,"Sports & Recreation",0
2010,"Sports & Recreation",100
2010,"Sports & Recreation",0
2010,"Sports & Recreation",100
2010,"Sports & Recreation",100
2010,"Sports & Recreation",0
2010,"Sports & Recreation",0
2010,"Sports & Recreation",0
2010,"Sports & Recreation",100
2010,"Sports & Recreation",0
2010,"Sports & Recreation",0
2010,"Sports & Recreation",0
2010,"Sports & Recreation",400
2010,"Sports & Recreation",0
2010,"Sports & Recreation",0
2010,"Sports & Recreation",0
2010,"Sports & Recreation",0
2010,"Sports & Recreation",100
2010,"Sports & Recreation",0
2010,"Sports & Recreation",0
2010,"Sports & Recreation",400
2010,"Sports & Recreation",0
2010,"Sports & Recreation",0
2010,"Sports & Recreation",0
2010,"Sports & Recreation",0
2010,"Sports & Recreation",100
2010,"Sports & Recreation",100
2010,"Sports & Recreation",0
2010,"Sports & Recreation",100
2010,"Sports & Recreation",0
2010,"Sports & Recreation",0
2010,"Sports & Recreation",0
2010,"Sports & Recreation",200
2010,"Sports & Recreation",0
2010,"Sports & Recreation",0
2010,"Sports & Recreation",100
2010,"Sports & Recreation",200
2010,"Sports & Recreation",0
2010,"Sports & Recreation",0
2010,"Sports & Recreation",0
2011,"Sports & Recreation",600
2011,"Sports & Recreation",0
2011,"Sports & Recreation",0
2011,"Sports & Recreation",0
2011,"Sports & Recreation",100
2011,"Sports & Recreation",100
2011,"Sports & Recreation",0
2011,"Sports & Recreation",0
2011,"Sports & Recreation",0
2011,"Sports & Recreation",200
2011,"Sports & Recreation",0
2011,"Sports & Recreation",0
2011,"Sports & Recreation",500
2011,"Sports & Recreation",0
2011,"Sports & Recreation",0
2011,"Sports & Recreation",0
2011,"Sports & Recreation",600
2011,"Sports & Recreation",0
2011,"Sports & Recreation",0
2011,"Sports & Recreation",0
2011,"Sports & Recreation",500
2011,"Sports & Recreation",0
2011,"Sports & Recreation",0
2011,"Sports & Recreation",0
2011,"Sports & Recreation",500
2011,"Sports & Recreation",0
2011,"Sports & Recreation",0
2011,"Sports & Recreation",0
2011,"Sports & Recreation",700
2011,"Sports & Recreation",0
2011,"Sports & Recreation",0
2011,"Sports & Recreation",0
2011,"Sports & Recreation",100
2011,"Sports & Recreation",0
2011,"Sports & Recreation",0
2011,"Sports & Recreation",0
2011,"Sports & Recreation",300
2011,"Sports & Recreation",0
2011,"Sports & Recreation",0
2011,"Sports & Recreation",0
2011,"Sports & Recreation",800
2011,"Sports & Recreation",0
2011,"Sports & Recreation",0
2011,"Sports & Recreation",0
2011,"Sports & Recreation",1200
2011,"Sports & Recreation",0
2011,"Sports & Recreation",0
2011,"Sports & Recreation",0
2012,"Sports & Recreation",0
2012,"Sports & Recreation",100
2012,"Sports & Recreation",0
2012,"Sports & Recreation",300
2012,"Sports & Recreation",0
2012,"Sports & Recreation",0
2012,"Sports & Recreation",600
2012,"Sports & Recreation",0
2012,"Sports & Recreation",0
2012,"Sports & Recreation",100
2012,"Sports & Recreation",0
2012,"Sports & Recreation",300
2012,"Sports & Recreation",0
2012,"Sports & Recreation",600
2012,"Sports & Recreation",0
2012,"Sports & Recreation",0
2012,"Sports & Recreation",300
2012,"Sports & Recreation",0
2012,"Sports & Recreation",0
2012,"Sports & Recreation",0
2012,"Sports & Recreation",400
2012,"Sports & Recreation",0
2012,"Sports & Recreation",0
2012,"Sports & Recreation",200
2012,"Sports & Recreation",100
2012,"Sports & Recreation",0
2012,"Sports & Recreation",400
2012,"Sports & Recreation",0
2012,"Sports & Recreation",400
2012,"Sports & Recreation",0
2012,"Sports & Recreation",0
2012,"Sports & Recreation",0
2012,"Sports & Recreation",200
2012,"Sports & Recreation",0
2012,"Sports & Recreation",200
2012,"Sports & Recreation",0
2012,"Sports & Recreation",100
2012,"Sports & Recreation",0
2012,"Sports & Recreation",0
2012,"Sports & Recreation",0
2012,"Sports & Recreation",0
2012,"Sports & Recreation",0
2012,"Sports & Recreation",0
2012,"Sports & Recreation",500
2012,"Sports & Recreation",0
2012,"Sports & Recreation",0
2012,"Sports & Recreation",700
2012,"Sports & Recreation",0
2013,"Sports & Recreation",0
2013,"Sports & Recreation",200
2013,"Sports & Recreation",0
2013,"Sports & Recreation",0
2013,"Sports & Recreation",300
2013,"Sports & Recreation",0
2013,"Sports & Recreation",0
2013,"Sports & Recreation",0
2013,"Sports & Recreation",400
2013,"Sports & Recreation",0
2013,"Sports & Recreation",0
2013,"Sports & Recreation",0
2013,"Sports & Recreation",200
2013,"Sports & Recreation",0
2013,"Sports & Recreation",0
2013,"Sports & Recreation",0
2013,"Sports & Recreation",100
2013,"Sports & Recreation",0
2013,"Sports & Recreation",0
2013,"Sports & Recreation",0
2013,"Sports & Recreation",900
2013,"Sports & Recreation",0
2013,"Sports & Recreation",200
2013,"Sports & Recreation",0
2013,"Sports & Recreation",0
2013,"Sports & Recreation",0
2013,"Sports & Recreation",200
2013,"Sports & Recreation",0
2013,"Sports & Recreation",0
2013,"Sports & Recreation",0
2013,"Sports & Recreation",100
2013,"Sports & Recreation",0
2013,"Sports & Recreation",0
2013,"Sports & Recreation",900
2013,"Sports & Recreation",0
2013,"Sports & Recreation",200
2013,"Sports & Recreation",0
2013,"Sports & Recreation",0
2013,"Sports & Recreation",0
2013,"Sports & Recreation",200
2013,"Sports & Recreation",0
2013,"Sports & Recreation",0
2013,"Sports & Recreation",0
2013,"Sports & Recreation",0
2013,"Sports & Recreation",0
2013,"Sports & Recreation",200
2013,"Sports & Recreation",0
2013,"Sports & Recreation",0
2014,"Sports & Recreation",200
2014,"Sports & Recreation",0
2014,"Sports & Recreation",0
2014,"Sports & Recreation",0
2014,"Sports & Recreation",100
2014,"Sports & Recreation",0
2014,"Sports & Recreation",0
2014,"Sports & Recreation",100
2014,"Sports & Recreation",0
2014,"Sports & Recreation",0
2014,"Sports & Recreation",0
2014,"Sports & Recreation",0
2014,"Sports & Recreation",200
2014,"Sports & Recreation",0
2014,"Sports & Recreation",0
2014,"Sports & Recreation",0
2014,"Sports & Recreation",0
2014,"Sports & Recreation",0
2014,"Sports & Recreation",100
2014,"Sports & Recreation",0
2014,"Sports & Recreation",0
2014,"Sports & Recreation",300
2014,"Sports & Recreation",0
2014,"Sports & Recreation",0
2014,"Sports & Recreation",0
2014,"Sports & Recreation",100
2014,"Sports & Recreation",0
2014,"Sports & Recreation",0
2014,"Sports & Recreation",700
2014,"Sports & Recreation",0
2014,"Sports & Recreation",0
2014,"Sports & Recreation",0
2014,"Sports & Recreation",100
2014,"Sports & Recreation",0
2014,"Sports & Recreation",0
2014,"Sports & Recreation",0
2014,"Sports & Recreation",400
2014,"Sports & Recreation",0
2014,"Sports & Recreation",0
2014,"Sports & Recreation",0
2014,"Sports & Recreation",0
2014,"Sports & Recreation",0
2014,"Sports & Recreation",0
2014,"Sports & Recreation",0
2014,"Sports & Recreation",0
2014,"Sports & Recreation",0
2014,"Sports & Recreation",0
2014,"Sports & Recreation",600
2015,"Sports & Recreation",0
2015,"Sports & Recreation",0
2015,"Sports & Recreation",500
2015,"Sports & Recreation",0
2015,"Sports & Recreation",0
2015,"Sports & Recreation",0
2015,"Sports & Recreation",0
2015,"Sports & Recreation",0
2015,"Sports & Recreation",500
2015,"Sports & Recreation",0
2015,"Sports & Recreation",0
2015,"Sports & Recreation",0
2015,"Sports & Recreation",0
2015,"Sports & Recreation",500
2015,"Sports & Recreation",0
2015,"Sports & Recreation",0
2015,"Sports & Recreation",0
2015,"Sports & Recreation",200
2015,"Sports & Recreation",0
2015,"Sports & Recreation",0
2015,"Sports & Recreation",0
2015,"Sports & Recreation",100
2015,"Sports & Recreation",0
2015,"Sports & Recreation",0
2015,"Sports & Recreation",800
2015,"Sports & Recreation",0
2015,"Sports & Recreation",0
2015,"Sports & Recreation",0
2015,"Sports & Recreation",0
2015,"Sports & Recreation",500
2015,"Sports & Recreation",0
2015,"Sports & Recreation",0
2015,"Sports & Recreation",0
2015,"Sports & Recreation",0
2015,"Sports & Recreation",100
2015,"Sports & Recreation",0
2015,"Sports & Recreation",100
2015,"Sports & Recreation",100
2015,"Sports & Recreation",0
2015,"Sports & Recreation",0
2015,"Sports & Recreation",0
2015,"Sports & Recreation",400
2015,"Sports & Recreation",0
2015,"Sports & Recreation",400
2015,"Sports & Recreation",0
2015,"Sports & Recreation",100
2015,"Sports & Recreation",0
2015,"Sports & Recreation",0
2016,"Sports & Recreation",0
2016,"Sports & Recreation",800
2016,"Sports & Recreation",0
2016,"Sports & Recreation",0
2016,"Sports & Recreation",100
2016,"Sports & Recreation",0
2016,"Sports & Recreation",0
2016,"Sports & Recreation",0
2016,"Sports & Recreation",0
2016,"Sports & Recreation",800
2016,"Sports & Recreation",0
2016,"Sports & Recreation",0
2016,"Sports & Recreation",1000
2016,"Sports & Recreation",0
2016,"Sports & Recreation",0
2016,"Sports & Recreation",0
2016,"Sports & Recreation",100
2016,"Sports & Recreation",100
2016,"Sports & Recreation",0
2016,"Sports & Recreation",0
2016,"Sports & Recreation",0
2016,"Sports & Recreation",300
2016,"Sports & Recreation",0
2016,"Sports & Recreation",200
2016,"Sports & Recreation",0
2016,"Sports & Recreation",0
2016,"Sports & Recreation",500
2016,"Sports & Recreation",0
2016,"Sports & Recreation",0
2016,"Sports & Recreation",0
2016,"Sports & Recreation",400
2016,"Sports & Recreation",0
2016,"Sports & Recreation",1000
2016,"Sports & Recreation",0
2016,"Sports & Recreation",0
2016,"Sports & Recreation",0
2016,"Sports & Recreation",400
2016,"Sports & Recreation",0
2016,"Sports & Recreation",0
2016,"Sports & Recreation",0
2016,"Sports & Recreation",100
2016,"Sports & Recreation",0
2016,"Sports & Recreation",0
2016,"Sports & Recreation",0
2016,"Sports & Recreation",0
2016,"Sports & Recreation",0
2016,"Sports & Recreation",0
2016,"Sports & Recreation",0
2017,"Sports & Recreation",400
2017,"Sports & Recreation",0
2017,"Sports & Recreation",0
2017,"Sports & Recreation",100
2017,"Sports & Recreation",0
2017,"Sports & Recreation",0
2017,"Sports & Recreation",0
2017,"Sports & Recreation",400
2017,"Sports & Recreation",0
2017,"Sports & Recreation",0
2017,"Sports & Recreation",0
2017,"Sports & Recreation",100
2017,"Sports & Recreation",100
2017,"Sports & Recreation",0
2017,"Sports & Recreation",0
2017,"Sports & Recreation",0
2017,"Sports & Recreation",500
2017,"Sports & Recreation",0
2017,"Sports & Recreation",0
2017,"Sports & Recreation",0
2017,"Sports & Recreation",0
2017,"Sports & Recreation",0
2017,"Sports & Recreation",0
2017,"Sports & Recreation",0
2017,"Sports & Recreation",0
2017,"Sports & Recreation",1000
2017,"Sports & Recreation",0
2017,"Sports & Recreation",0
2017,"Sports & Recreation",0
2017,"Sports & Recreation",700
2017,"Sports & Recreation",0
2017,"Sports & Recreation",0
2017,"Sports & Recreation",400
2017,"Sports & Recreation",0
2017,"Sports & Recreation",100
2017,"Sports & Recreation",0
2017,"Sports & Recreation",0
2017,"Sports & Recreation",0
2017,"Sports & Recreation",0
2017,"Sports & Recreation",0
2017,"Sports & Recreation",800
2017,"Sports & Recreation",0
2017,"Sports & Recreation",0
2017,"Sports & Recreation",0
2017,"Sports & Recreation",0
2017,"Sports & Recreation",0
2017,"Sports & Recreation",0
2017,"Sports & Recreation",100
2018,"Sports & Recreation",100
2018,"Sports & Recreation",100
2018,"Sports & Recreation",0
2018,"Sports & Recreation",0
2018,"Sports & Recreation",0
2018,"Sports & Recreation",0
2018,"Sports & Recreation",200
2018,"Sports & Recreation",0
2018,"Sports & Recreation",0
2018,"Sports & Recreation",0
2018,"Sports & Recreation",100
2018,"Sports & Recreation",100
2018,"Sports & Recreation",0
2018,"Sports & Recreation",0
2018,"Sports & Recreation",0
2018,"Sports & Recreation",100
2018,"Sports & Recreation",0
2018,"Sports & Recreation",0
2018,"Sports & Recreation",0
2018,"Sports & Recreation",200
2018,"Sports & Recreation",0
2018,"Sports & Recreation",0
2018,"Sports & Recreation",0
2018,"Sports & Recreation",200
2018,"Sports & Recreation",0
2018,"Sports & Recreation",0
2018,"Sports & Recreation",0
2018,"Sports & Recreation",200
2018,"Sports & Recreation",0
2018,"Sports & Recreation",0
2018,"Sports & Recreation",100
2018,"Sports & Recreation",100
2018,"Sports & Recreation",0
2018,"Sports & Recreation",0
2018,"Sports & Recreation",100
2018,"Sports & Recreation",100
2018,"Sports & Recreation",0
2018,"Sports & Recreation",0
2018,"Sports & Recreation",100
2018,"Sports & Recreation",300
2018,"Sports & Recreation",0
2018,"Sports & Recreation",0
2018,"Sports & Recreation",100
2018,"Sports & Recreation",0
2018,"Sports & Recreation",0
2018,"Sports & Recreation",0
2018,"Sports & Recreation",100
2018,"Sports & Recreation",100
2019,"Sports & Recreation",0
2019,"Sports & Recreation",0
2019,"Sports & Recreation",100
2019,"Sports & Recreation",200
2019,"Sports & Recreation",0
2019,"Sports & Recreation",0
2019,"Sports & Recreation",0
2019,"Sports & Recreation",0
2019,"Sports & Recreation",100
2019,"Sports & Recreation",0
2019,"Sports & Recreation",0
2019,"Sports & Recreation",200
2019,"Sports & Recreation",0
2019,"Sports & Recreation",0
2019,"Sports & Recreation",0
2019,"Sports & Recreation",0
2019,"Sports & Recreation",0
2019,"Sports & Recreation",900
2019,"Sports & Recreation",0
2019,"Sports & Recreation",300
2019,"Sports & Recreation",0
2019,"Sports & Recreation",0
2019,"Sports & Recreation",0
2019,"Sports & Recreation",0
2019,"Sports & Recreation",0
2019,"Sports & Recreation",800
2019,"Sports & Recreation",0
2019,"Sports & Recreation",0
2019,"Sports & Recreation",0
2019,"Sports & Recreation",0
2019,"Sports & Recreation",0
2019,"Sports & Recreation",0
2019,"Sports & Recreation",0
2019,"Sports & Recreation",100
2019,"Sports & Recreation",0
2019,"Sports & Recreation",0
2019,"Sports & Recreation",0
2019,"Sports & Recreation",0
2019,"Sports & Recreation",100
2019,"Sports & Recreation",0
2019,"Sports & Recreation",0
2019,"Sports & Recreation",0
2019,"Sports & Recreation",100
2019,"Sports & Recreation",100
2019,"Sports & Recreation",100
2019,"Sports & Recreation",0
2019,"Sports & Recreation",0
2019,"Sports & Recreation",0
2020,"Sports & Recreation",0
2020,"Sports & Recreation",0
2020,"Sports & Recreation",300
2020,"Sports & Recreation",0
2020,"Sports & Recreation",0
2020,"Sports & Recreation",0
2020,"Sports & Recreation",0
2020,"Sports & Recreation",0
2020,"Sports & Recreation",0
2020,"Sports & Recreation",400
2020,"Sports & Recreation",0
2020,"Sports & Recreation",0
2020,"Sports & Recreation",0
2020,"Sports & Recreation",200
2020,"Sports & Recreation",100
2020,"Sports & Recreation",0
2020,"Sports & Recreation",0
2020,"Sports & Recreation",0
2020,"Sports & Recreation",0
2020,"Sports & Recreation",0
2020,"Sports & Recreation",0
2020,"Sports & Recreation",3300
2020,"Sports & Recreation",0
2020,"Sports & Recreation",100
2020,"Sports & Recreation",200
2020,"Sports & Recreation",0
2020,"Sports & Recreation",0
2020,"Sports & Recreation",0
2020,"Sports & Recreation",1300
2020,"Sports & Recreation",0
2020,"Sports & Recreation",0
2020,"Sports & Recreation",300
2020,"Sports & Recreation",0
2020,"Sports & Recreation",0
2020,"Sports & Recreation",600
2020,"Sports & Recreation",0
2020,"Sports & Recreation",0
2020,"Sports & Recreation",100
2020,"Sports & Recreation",0
2020,"Sports & Recreation",0
2020,"Sports & Recreation",0
2020,"Sports & Recreation",1200
2020,"Sports & Recreation",0
2020,"Sports & Recreation",500
2020,"Sports & Recreation",0
2020,"Sports & Recreation",100
2020,"Sports & Recreation",0
2020,"Sports & Recreation",0
2021,"Sports & Recreation",0
2021,"Sports & Recreation",0
2021,"Sports & Recreation",100
2021,"Sports & Recreation",0
2021,"Sports & Recreation",200
2021,"Sports & Recreation",0
2021,"Sports & Recreation",0
2021,"Sports & Recreation",0
2021,"Sports & Recreation",0
2021,"Sports & Recreation",0
2021,"Sports & Recreation",300
2021,"Sports & Recreation",100
2021,"Sports & Recreation",0
2021,"Sports & Recreation",0
2021,"Sports & Recreation",0
2021,"Sports & Recreation",200
2021,"Sports & Recreation",0
2021,"Sports & Recreation",0
2021,"Sports & Recreation",0
2021,"Sports & Recreation",200
2021,"Sports & Recreation",100
2021,"Sports & Recreation",0
2021,"Sports & Recreation",100
2021,"Sports & Recreation",100
2021,"Sports & Recreation",0
2021,"Sports & Recreation",0
2021,"Sports & Recreation",0
2021,"Sports & Recreation",0
2021,"Sports & Recreation",400
2021,"Sports & Recreation",0
2021,"Sports & Recreation",100
2021,"Sports & Recreation",0
2021,"Sports & Recreation",1200
2021,"Sports & Recreation",0
2021,"Sports & Recreation",0
2021,"Sports & Recreation",300
2021,"Sports & Recreation",0
2021,"Sports & Recreation",0
2021,"Sports & Recreation",100
2021,"Sports & Recreation",300
2021,"Sports & Recreation",0
2021,"Sports & Recreation",0
2021,"Sports & Recreation",200
2021,"Sports & Recreation",0
2021,"Sports & Recreation",0
2021,"Sports & Recreation",0
2021,"Sports & Recreation",0
2021,"Sports & Recreation",0
2022,"Sports & Recreation",1100
2022,"Sports & Recreation",0
2022,"Sports & Recreation",0
2022,"Sports & Recreation",0
2022,"Sports & Recreation",700
2022,"Sports & Recreation",0
2022,"Sports & Recreation",0
2022,"Sports & Recreation",0
2022,"Sports & Recreation",0
2022,"Sports & Recreation",0
2022,"Sports & Recreation",0
2022,"Sports & Recreation",100
2022,"Sports & Recreation",0
2022,"Sports & Recreation",900
2022,"Sports & Recreation",0
2022,"Sports & Recreation",0
2022,"Sports & Recreation",0
2022,"Sports & Recreation",500
2022,"Sports & Recreation",0
2022,"Sports & Recreation",0
2022,"Sports & Recreation",0
2022,"Sports & Recreation",0
2022,"Sports & Recreation",0
2022,"Sports & Recreation",400
2022,"Sports & Recreation",0
2022,"Sports & Recreation",0
2022,"Sports & Recreation",900
2022,"Sports & Recreation",0
2022,"Sports & Recreation",0
2022,"Sports & Recreation",0
2022,"Sports & Recreation",100
2022,"Sports & Recreation",0
2022,"Sports & Recreation",0
2022,"Sports & Recreation",1300
2022,"Sports & Recreation",0
2022,"Sports & Recreation",0
2022,"Sports & Recreation",0
2022,"Sports & Recreation",0
2022,"Sports & Recreation",0
2022,"Sports & Recreation",900
2022,"Sports & Recreation",0
2022,"Sports & Recreation",300
2022,"Sports & Recreation",0
2022,"Sports & Recreation",900
2022,"Sports & Recreation",0
2022,"Sports & Recreation",100
2022,"Sports & Recreation",0
2022,"Sports & Recreation",0
